"STATION","NAME","DATE","DP10","DX32","DX90","PRCP","TAVG","TMAX","TMIN"
"USW00013781","WILMINGTON NEW CASTLE CO AIRPORT, DE US","2000-01","5","11","0","3.83","31.5","39.5","23.4"
"USW00013781","WILMINGTON NEW CASTLE CO AIRPORT, DE US","2000-02","5","2","0","2.00","36.6","44.9","28.3"
"USW00013781","WILMINGTON NEW CASTLE CO AIRPORT, DE US","2000-03","8","0","0","9.17","47.2","58.0","36.5"
"USW00013781","WILMINGTON NEW CASTLE CO AIRPORT, DE US","2000-04","7","0","0","3.43","51.8","61.3","42.4"
"USW00013781","WILMINGTON NEW CASTLE CO AIRPORT, DE US","2000-05","7","0","2","2.94","63.8","73.3","54.3"
"USW00013781","WILMINGTON NEW CASTLE CO AIRPORT, DE US","2000-06","9","0","4","4.84","71.9","81.1","62.8"
"USW00013781","WILMINGTON NEW CASTLE CO AIRPORT, DE US","2000-07","7","0","1","4.65","72.9","81.0","64.8"
"USW00013781","WILMINGTON NEW CASTLE CO AIRPORT, DE US","2000-08","7","0","1","2.47","72.7","80.8","64.6"
"USW00013781","WILMINGTON NEW CASTLE CO AIRPORT, DE US","2000-09","6","0","0","7.31","65.0","74.1","55.8"
"USW00013781","WILMINGTON NEW CASTLE CO AIRPORT, DE US","2000-10","0","0","0","0.08","56.3","67.4","45.2"
"USW00013781","WILMINGTON NEW CASTLE CO AIRPORT, DE US","2000-11","6","0","0","2.54","44.1","52.8","35.5"
"USW00013781","WILMINGTON NEW CASTLE CO AIRPORT, DE US","2000-12","3","10","0","2.80","30.0","37.5","22.6"
"USW00013781","WILMINGTON NEW CASTLE CO AIRPORT, DE US","2001-01","7","5","0","3.13","31.5","38.9","24.2"
"USW00013781","WILMINGTON NEW CASTLE CO AIRPORT, DE US","2001-02","4","2","0","2.81","36.2","44.7","27.6"
"USW00013781","WILMINGTON NEW CASTLE CO AIRPORT, DE US","2001-03","9","0","0","5.62","39.7","47.8","31.7"
"USW00013781","WILMINGTON NEW CASTLE CO AIRPORT, DE US","2001-04","4","0","0","1.43","53.3","63.7","42.8"
"USW00013781","WILMINGTON NEW CASTLE CO AIRPORT, DE US","2001-05","6","0","0","5.33","62.7","72.6","52.8"
"USW00013781","WILMINGTON NEW CASTLE CO AIRPORT, DE US","2001-06","6","0","2","4.28","72.9","82.4","63.5"
"USW00013781","WILMINGTON NEW CASTLE CO AIRPORT, DE US","2001-07","7","0","2","2.35","72.6","82.0","63.3"
"USW00013781","WILMINGTON NEW CASTLE CO AIRPORT, DE US","2001-08","4","0","5","2.65","77.3","86.4","68.2"
"USW00013781","WILMINGTON NEW CASTLE CO AIRPORT, DE US","2001-09","6","0","0","2.57","65.6","75.7","55.5"
"USW00013781","WILMINGTON NEW CASTLE CO AIRPORT, DE US","2001-10","3","0","0","0.74","56.7","68.5","44.9"
"USW00013781","WILMINGTON NEW CASTLE CO AIRPORT, DE US","2001-11","2","0","0","0.99","50.8","62.5","39.1"
"USW00013781","WILMINGTON NEW CASTLE CO AIRPORT, DE US","2001-12","7","2","0","1.95","42.5","51.2","33.8"
"USW00013781","WILMINGTON NEW CASTLE CO AIRPORT, DE US","2002-01","6","1","0","2.72","37.8","45.9","29.6"
"USW00013781","WILMINGTON NEW CASTLE CO AIRPORT, DE US","2002-02","3","0","0","0.43","39.4","49.6","29.2"
"USW00013781","WILMINGTON NEW CASTLE CO AIRPORT, DE US","2002-03","9","0","0","4.05","44.3","53.9","34.7"
"USW00013781","WILMINGTON NEW CASTLE CO AIRPORT, DE US","2002-04","7","0","1","2.26","55.7","66.4","44.9"
"USW00013781","WILMINGTON NEW CASTLE CO AIRPORT, DE US","2002-05","5","0","0","3.40","61.4","72.1","50.7"
"USW00013781","WILMINGTON NEW CASTLE CO AIRPORT, DE US","2002-06","9","0","3","4.96","71.8","81.5","62.0"
"USW00013781","WILMINGTON NEW CASTLE CO AIRPORT, DE US","2002-07","3","0","13","1.41","77.5","87.5","67.5"
"USW00013781","WILMINGTON NEW CASTLE CO AIRPORT, DE US","2002-08","3","0","14","2.03","77.8","87.9","67.6"
"USW00013781","WILMINGTON NEW CASTLE CO AIRPORT, DE US","2002-09","3","0","2","3.42","69.3","79.5","59.1"
"USW00013781","WILMINGTON NEW CASTLE CO AIRPORT, DE US","2002-10","7","0","0","6.17","55.4","63.3","47.6"
"USW00013781","WILMINGTON NEW CASTLE CO AIRPORT, DE US","2002-11","9","0","0","4.48","43.6","52.1","35.0"
"USW00013781","WILMINGTON NEW CASTLE CO AIRPORT, DE US","2002-12","6","3","0","4.50","34.3","41.6","26.9"
"USW00013781","WILMINGTON NEW CASTLE CO AIRPORT, DE US","2003-01","4","13","0","1.79","28.5","35.7","21.4"
"USW00013781","WILMINGTON NEW CASTLE CO AIRPORT, DE US","2003-02","8","9","0","5.21","28.7","35.3","22.0"
"USW00013781","WILMINGTON NEW CASTLE CO AIRPORT, DE US","2003-03","8","1","0","4.75","42.7","52.7","32.8"
"USW00013781","WILMINGTON NEW CASTLE CO AIRPORT, DE US","2003-04","7","0","0","2.63","51.0","60.8","41.2"
"USW00013781","WILMINGTON NEW CASTLE CO AIRPORT, DE US","2003-05","8","0","0","3.93","58.1","65.9","50.3"
"USW00013781","WILMINGTON NEW CASTLE CO AIRPORT, DE US","2003-06","12","0","3","9.90","68.8","76.9","60.7"
"USW00013781","WILMINGTON NEW CASTLE CO AIRPORT, DE US","2003-07","10","0","4","2.85","75.6","84.1","67.1"
"USW00013781","WILMINGTON NEW CASTLE CO AIRPORT, DE US","2003-08","9","0","3","4.21","76.4","84.5","68.4"
"USW00013781","WILMINGTON NEW CASTLE CO AIRPORT, DE US","2003-09","11","0","0","7.39","68.5","76.9","60.1"
"USW00013781","WILMINGTON NEW CASTLE CO AIRPORT, DE US","2003-10","5","0","0","4.39","54.2","64.1","44.3"
"USW00013781","WILMINGTON NEW CASTLE CO AIRPORT, DE US","2003-11","6","0","0","3.37","49.3","58.2","40.4"
"USW00013781","WILMINGTON NEW CASTLE CO AIRPORT, DE US","2003-12","7","2","0","4.93","35.8","43.5","28.1"
"USW00013781","WILMINGTON NEW CASTLE CO AIRPORT, DE US","2004-01","4","20","0","1.66","25.4","31.8","18.9"
"USW00013781","WILMINGTON NEW CASTLE CO AIRPORT, DE US","2004-02","2","2","0","2.33","34.0","43.1","24.9"
"USW00013781","WILMINGTON NEW CASTLE CO AIRPORT, DE US","2004-03","6","0","0","2.96","44.6","53.4","35.8"
"USW00013781","WILMINGTON NEW CASTLE CO AIRPORT, DE US","2004-04","9","0","0","5.61","53.7","63.2","44.2"
"USW00013781","WILMINGTON NEW CASTLE CO AIRPORT, DE US","2004-05","12","0","0","4.41","68.2","77.2","59.2"
"USW00013781","WILMINGTON NEW CASTLE CO AIRPORT, DE US","2004-06","10","0","1","6.98","70.0","79.2","60.9"
"USW00013781","WILMINGTON NEW CASTLE CO AIRPORT, DE US","2004-07","6","0","0","8.24","74.7","82.6","66.8"
"USW00013781","WILMINGTON NEW CASTLE CO AIRPORT, DE US","2004-08","8","0","0","5.33","73.1","81.2","64.9"
"USW00013781","WILMINGTON NEW CASTLE CO AIRPORT, DE US","2004-09","7","0","0","9.29","68.8","77.8","59.8"
"USW00013781","WILMINGTON NEW CASTLE CO AIRPORT, DE US","2004-10","6","0","0","2.43","54.6","63.3","45.9"
"USW00013781","WILMINGTON NEW CASTLE CO AIRPORT, DE US","2004-11","6","0","0","4.65","47.0","56.0","38.0"
"USW00013781","WILMINGTON NEW CASTLE CO AIRPORT, DE US","2004-12","6","5","0","2.84","36.6","45.1","28.2"
"USW00013781","WILMINGTON NEW CASTLE CO AIRPORT, DE US","2005-01","5","11","0","3.85","31.7","38.9","24.6"
"USW00013781","WILMINGTON NEW CASTLE CO AIRPORT, DE US","2005-02","6","3","0","2.65","35.1","43.5","26.7"
"USW00013781","WILMINGTON NEW CASTLE CO AIRPORT, DE US","2005-03","5","1","0","4.11","38.6","47.2","29.9"
"USW00013781","WILMINGTON NEW CASTLE CO AIRPORT, DE US","2005-04","6","0","0","5.13","53.8","64.8","42.8"
"USW00013781","WILMINGTON NEW CASTLE CO AIRPORT, DE US","2005-05","3","0","0","2.26","57.5","68.2","46.8"
"USW00013781","WILMINGTON NEW CASTLE CO AIRPORT, DE US","2005-06","4","0","2","2.25","72.9","81.8","64.0"
"USW00013781","WILMINGTON NEW CASTLE CO AIRPORT, DE US","2005-07","8","0","7","4.82","76.9","85.5","68.4"
"USW00013781","WILMINGTON NEW CASTLE CO AIRPORT, DE US","2005-08","4","0","9","1.35","77.9","86.9","68.9"
"USW00013781","WILMINGTON NEW CASTLE CO AIRPORT, DE US","2005-09","2","0","2","0.44","71.8","83.3","60.3"
"USW00013781","WILMINGTON NEW CASTLE CO AIRPORT, DE US","2005-10","9","0","0","7.80","57.7","66.1","49.3"
"USW00013781","WILMINGTON NEW CASTLE CO AIRPORT, DE US","2005-11","4","0","0","2.41","47.9","58.7","37.0"
"USW00013781","WILMINGTON NEW CASTLE CO AIRPORT, DE US","2005-12","7","2","0","3.22","33.7","41.1","26.2"
"USW00013781","WILMINGTON NEW CASTLE CO AIRPORT, DE US","2006-01","7","0","0","4.15","39.7","48.6","30.8"
"USW00013781","WILMINGTON NEW CASTLE CO AIRPORT, DE US","2006-02","4","2","0","2.38","34.9","43.2","26.5"
"USW00013781","WILMINGTON NEW CASTLE CO AIRPORT, DE US","2006-03","1","0","0","0.29","44.1","54.0","34.2"
"USW00013781","WILMINGTON NEW CASTLE CO AIRPORT, DE US","2006-04","6","0","0","4.37","55.6","66.6","44.5"
"USW00013781","WILMINGTON NEW CASTLE CO AIRPORT, DE US","2006-05","4","0","1","2.22","62.7","73.8","51.5"
"USW00013781","WILMINGTON NEW CASTLE CO AIRPORT, DE US","2006-06","11","0","1","9.41","71.3","80.0","62.6"
"USW00013781","WILMINGTON NEW CASTLE CO AIRPORT, DE US","2006-07","9","0","13","6.05","78.1","87.0","69.2"
"USW00013781","WILMINGTON NEW CASTLE CO AIRPORT, DE US","2006-08","2","0","6","2.59","76.7","86.2","67.3"
"USW00013781","WILMINGTON NEW CASTLE CO AIRPORT, DE US","2006-09","7","0","0","6.18","65.5","74.0","57.0"
"USW00013781","WILMINGTON NEW CASTLE CO AIRPORT, DE US","2006-10","8","0","0","5.56","54.9","64.6","45.1"
"USW00013781","WILMINGTON NEW CASTLE CO AIRPORT, DE US","2006-11","8","0","0","4.31","49.6","57.5","41.7"
"USW00013781","WILMINGTON NEW CASTLE CO AIRPORT, DE US","2006-12","4","0","0","1.93","41.6","50.8","32.3"
"USW00013781","WILMINGTON NEW CASTLE CO AIRPORT, DE US","2007-01","4","3","0","3.53","38.2","46.3","30.2"
"USW00013781","WILMINGTON NEW CASTLE CO AIRPORT, DE US","2007-02","4","10","0","1.94","28.1","35.1","21.1"
"USW00013781","WILMINGTON NEW CASTLE CO AIRPORT, DE US","2007-03","7","2","0","4.61","43.6","54.0","33.1"
"USW00013781","WILMINGTON NEW CASTLE CO AIRPORT, DE US","2007-04","5","0","0","8.56","50.5","60.2","40.9"
"USW00013781","WILMINGTON NEW CASTLE CO AIRPORT, DE US","2007-05","2","0","2","1.02","64.8","76.4","53.1"
"USW00013781","WILMINGTON NEW CASTLE CO AIRPORT, DE US","2007-06","6","0","4","2.73","73.1","82.6","63.6"
"USW00013781","WILMINGTON NEW CASTLE CO AIRPORT, DE US","2007-07","7","0","6","3.15","76.6","86.4","66.7"
"USW00013781","WILMINGTON NEW CASTLE CO AIRPORT, DE US","2007-08","5","0","10","3.37","76.4","85.3","67.4"
"USW00013781","WILMINGTON NEW CASTLE CO AIRPORT, DE US","2007-09","2","0","2","0.49","70.5","81.9","59.1"
"USW00013781","WILMINGTON NEW CASTLE CO AIRPORT, DE US","2007-10","8","0","1","5.92","63.5","73.5","53.5"
"USW00013781","WILMINGTON NEW CASTLE CO AIRPORT, DE US","2007-11","7","0","0","1.69","45.4","54.2","36.5"
"USW00013781","WILMINGTON NEW CASTLE CO AIRPORT, DE US","2007-12","14","2","0","4.83","37.6","44.4","30.8"
"USW00013781","WILMINGTON NEW CASTLE CO AIRPORT, DE US","2008-01","3","2","0","1.57","35.7","43.6","27.8"
"USW00013781","WILMINGTON NEW CASTLE CO AIRPORT, DE US","2008-02","6","1","0","4.32","36.9","46.4","27.4"
"USW00013781","WILMINGTON NEW CASTLE CO AIRPORT, DE US","2008-03","8","0","0","4.00","44.5","54.6","34.4"
"USW00013781","WILMINGTON NEW CASTLE CO AIRPORT, DE US","2008-04","6","0","0","1.98","54.7","64.6","44.8"
"USW00013781","WILMINGTON NEW CASTLE CO AIRPORT, DE US","2008-05","7","0","0","5.13","60.2","71.0","49.3"
"USW00013781","WILMINGTON NEW CASTLE CO AIRPORT, DE US","2008-06","4","0","6","2.71","75.1","85.3","64.8"
"USW00013781","WILMINGTON NEW CASTLE CO AIRPORT, DE US","2008-07","7","0","10","4.69","78.1","88.2","67.9"
"USW00013781","WILMINGTON NEW CASTLE CO AIRPORT, DE US","2008-08","3","0","1","1.16","73.1","83.4","62.9"
"USW00013781","WILMINGTON NEW CASTLE CO AIRPORT, DE US","2008-09","6","0","4","5.19","69.6","78.8","60.5"
"USW00013781","WILMINGTON NEW CASTLE CO AIRPORT, DE US","2008-10","3","0","0","1.81","55.6","66.3","44.8"
"USW00013781","WILMINGTON NEW CASTLE CO AIRPORT, DE US","2008-11","7","0","0","3.52","45.3","52.8","37.8"
"USW00013781","WILMINGTON NEW CASTLE CO AIRPORT, DE US","2008-12","7","2","0","4.40","38.6","47.2","29.9"
"USW00013781","WILMINGTON NEW CASTLE CO AIRPORT, DE US","2009-01","4","11","0","2.91","28.5","35.4","21.5"
"USW00013781","WILMINGTON NEW CASTLE CO AIRPORT, DE US","2009-02","1","2","0","0.30","36.5","46.2","26.9"
"USW00013781","WILMINGTON NEW CASTLE CO AIRPORT, DE US","2009-03","6","3","0","1.89","42.3","51.3","33.2"
"USW00013781","WILMINGTON NEW CASTLE CO AIRPORT, DE US","2009-04","9","0","1","4.03","54.5","64.5","44.5"
"USW00013781","WILMINGTON NEW CASTLE CO AIRPORT, DE US","2009-05","10","0","0","3.89","63.4","73.0","53.8"
"USW00013781","WILMINGTON NEW CASTLE CO AIRPORT, DE US","2009-06","9","0","0","6.67","70.5","78.9","62.1"
"USW00013781","WILMINGTON NEW CASTLE CO AIRPORT, DE US","2009-07","8","0","0","3.94","73.5","83.3","63.6"
"USW00013781","WILMINGTON NEW CASTLE CO AIRPORT, DE US","2009-08","10","0","5","6.73","76.7","85.0","68.4"
"USW00013781","WILMINGTON NEW CASTLE CO AIRPORT, DE US","2009-09","6","0","0","4.91","66.6","74.9","58.3"
"USW00013781","WILMINGTON NEW CASTLE CO AIRPORT, DE US","2009-10","8","0","0","5.91","55.3","64.0","46.7"
"USW00013781","WILMINGTON NEW CASTLE CO AIRPORT, DE US","2009-11","8","0","0","2.33","49.7","57.6","41.8"
"USW00013781","WILMINGTON NEW CASTLE CO AIRPORT, DE US","2009-12","9","6","0","8.58","35.4","42.5","28.2"
"USW00013781","WILMINGTON NEW CASTLE CO AIRPORT, DE US","2010-01","3","8","0","2.53","32.4","39.9","24.9"
"USW00013781","WILMINGTON NEW CASTLE CO AIRPORT, DE US","2010-02","7","4","0","5.87","30.9","37.0","24.8"
"USW00013781","WILMINGTON NEW CASTLE CO AIRPORT, DE US","2010-03","9","0","0","5.37","47.9","57.4","38.4"
"USW00013781","WILMINGTON NEW CASTLE CO AIRPORT, DE US","2010-04","7","0","0","2.43","56.3","67.5","45.1"
"USW00013781","WILMINGTON NEW CASTLE CO AIRPORT, DE US","2010-05","5","0","1","2.32","65.6","75.4","55.7"
"USW00013781","WILMINGTON NEW CASTLE CO AIRPORT, DE US","2010-06","4","0","13","1.83","76.7","87.0","66.3"
"USW00013781","WILMINGTON NEW CASTLE CO AIRPORT, DE US","2010-07","6","0","15","6.15","79.6","89.6","69.7"
"USW00013781","WILMINGTON NEW CASTLE CO AIRPORT, DE US","2010-08","5","0","9","1.34","77.0","86.1","67.8"
"USW00013781","WILMINGTON NEW CASTLE CO AIRPORT, DE US","2010-09","6","0","6","5.95","70.8","81.6","60.0"
"USW00013781","WILMINGTON NEW CASTLE CO AIRPORT, DE US","2010-10","6","0","0","5.48","57.1","67.2","47.0"
"USW00013781","WILMINGTON NEW CASTLE CO AIRPORT, DE US","2010-11","4","0","0","2.29","46.4","55.9","37.0"
"USW00013781","WILMINGTON NEW CASTLE CO AIRPORT, DE US","2010-12","3","6","0","2.41","31.5","38.6","24.5"
"USW00013781","WILMINGTON NEW CASTLE CO AIRPORT, DE US","2011-01","7","11","0","3.23","28.4","35.2","21.6"
"USW00013781","WILMINGTON NEW CASTLE CO AIRPORT, DE US","2011-02","6","4","0","2.90","35.9","45.5","26.3"
"USW00013781","WILMINGTON NEW CASTLE CO AIRPORT, DE US","2011-03","6","0","0","4.05","42.3","51.5","33.0"
"USW00013781","WILMINGTON NEW CASTLE CO AIRPORT, DE US","2011-04","11","0","0","4.71","55.9","65.5","46.3"
"USW00013781","WILMINGTON NEW CASTLE CO AIRPORT, DE US","2011-05","8","0","2","3.23","66.2","76.0","56.4"
"USW00013781","WILMINGTON NEW CASTLE CO AIRPORT, DE US","2011-06","6","0","3","2.49","74.0","84.2","63.8"
"USW00013781","WILMINGTON NEW CASTLE CO AIRPORT, DE US","2011-07","4","0","18","3.73","80.8","91.2","70.4"
"USW00013781","WILMINGTON NEW CASTLE CO AIRPORT, DE US","2011-08","11","0","4","14.70","74.9","84.0","65.9"
"USW00013781","WILMINGTON NEW CASTLE CO AIRPORT, DE US","2011-09","9","0","0","5.93","69.8","77.3","62.2"
"USW00013781","WILMINGTON NEW CASTLE CO AIRPORT, DE US","2011-10","6","0","0","3.06","56.1","65.4","46.8"
"USW00013781","WILMINGTON NEW CASTLE CO AIRPORT, DE US","2011-11","6","0","0","4.13","49.5","59.8","39.3"
"USW00013781","WILMINGTON NEW CASTLE CO AIRPORT, DE US","2011-12","5","0","0","4.44","41.3","50.8","31.9"
"USW00013781","WILMINGTON NEW CASTLE CO AIRPORT, DE US","2012-01","6","4","0","2.56","37.2","45.9","28.5"
"USW00013781","WILMINGTON NEW CASTLE CO AIRPORT, DE US","2012-02","5","1","0","2.09","40.0","48.9","31.0"
"USW00013781","WILMINGTON NEW CASTLE CO AIRPORT, DE US","2012-03","4","0","0","0.92","51.4","61.4","41.4"
"USW00013781","WILMINGTON NEW CASTLE CO AIRPORT, DE US","2012-04","3","0","0","2.57","53.4","64.8","42.0"
"USW00013781","WILMINGTON NEW CASTLE CO AIRPORT, DE US","2012-05","8","0","2","2.26","67.0","76.4","57.7"
"USW00013781","WILMINGTON NEW CASTLE CO AIRPORT, DE US","2012-06","7","0","8","3.62","72.3","83.5","61.1"
"USW00013781","WILMINGTON NEW CASTLE CO AIRPORT, DE US","2012-07","6","0","17","3.05","80.3","90.2","70.5"
"USW00013781","WILMINGTON NEW CASTLE CO AIRPORT, DE US","2012-08","8","0","5","2.81","76.4","85.5","67.3"
"USW00013781","WILMINGTON NEW CASTLE CO AIRPORT, DE US","2012-09","7","0","1","5.29","68.2","78.0","58.5"
"USW00013781","WILMINGTON NEW CASTLE CO AIRPORT, DE US","2012-10","8","0","0","6.26","58.0","66.5","49.5"
"USW00013781","WILMINGTON NEW CASTLE CO AIRPORT, DE US","2012-11","3","0","0","0.98","42.3","51.7","33.0"
"USW00013781","WILMINGTON NEW CASTLE CO AIRPORT, DE US","2012-12","9","0","0","3.93","42.2","49.5","35.0"
"USW00013781","WILMINGTON NEW CASTLE CO AIRPORT, DE US","2013-01","7","5","0","3.70","35.6","43.6","27.6"
"USW00013781","WILMINGTON NEW CASTLE CO AIRPORT, DE US","2013-02","7","3","0","2.32","34.5","42.0","27.1"
"USW00013781","WILMINGTON NEW CASTLE CO AIRPORT, DE US","2013-03","6","0","0","2.54","40.3","48.6","32.0"
"USW00013781","WILMINGTON NEW CASTLE CO AIRPORT, DE US","2013-04","6","0","1","2.69","54.0","64.4","43.5"
"USW00013781","WILMINGTON NEW CASTLE CO AIRPORT, DE US","2013-05","8","0","2","2.17","63.7","73.8","53.5"
"USW00013781","WILMINGTON NEW CASTLE CO AIRPORT, DE US","2013-06","12","0","4","13.66","73.2","82.5","63.9"
"USW00013781","WILMINGTON NEW CASTLE CO AIRPORT, DE US","2013-07","7","0","10","4.05","79.5","87.2","71.7"
"USW00013781","WILMINGTON NEW CASTLE CO AIRPORT, DE US","2013-08","6","0","1","5.22","73.5","81.7","65.3"
"USW00013781","WILMINGTON NEW CASTLE CO AIRPORT, DE US","2013-09","2","0","1","1.92","66.1","77.4","54.8"
"USW00013781","WILMINGTON NEW CASTLE CO AIRPORT, DE US","2013-10","3","0","0","1.97","59.0","69.1","49.0"
"USW00013781","WILMINGTON NEW CASTLE CO AIRPORT, DE US","2013-11","4","1","0","2.91","44.0","53.7","34.2"
"USW00013781","WILMINGTON NEW CASTLE CO AIRPORT, DE US","2013-12","8","3","0","5.22","37.6","45.8","29.4"
"USW00013781","WILMINGTON NEW CASTLE CO AIRPORT, DE US","2014-01","8","12","0","3.23","27.5","36.8","18.2"
"USW00013781","WILMINGTON NEW CASTLE CO AIRPORT, DE US","2014-02","9","9","0","5.36","31.5","39.8","23.3"
"USW00013781","WILMINGTON NEW CASTLE CO AIRPORT, DE US","2014-03","6","2","0","3.82","38.3","48.3","28.3"
"USW00013781","WILMINGTON NEW CASTLE CO AIRPORT, DE US","2014-04","6","0","0","6.84","52.6","63.6","41.5"
"USW00013781","WILMINGTON NEW CASTLE CO AIRPORT, DE US","2014-05","8","0","0","3.09","64.2","74.3","54.1"
"USW00013781","WILMINGTON NEW CASTLE CO AIRPORT, DE US","2014-06","8","0","2","5.04","72.7","82.1","63.3"
"USW00013781","WILMINGTON NEW CASTLE CO AIRPORT, DE US","2014-07","7","0","8","5.94","76.0","85.7","66.4"
"USW00013781","WILMINGTON NEW CASTLE CO AIRPORT, DE US","2014-08","5","0","1","4.77","72.7","82.1","63.3"
"USW00013781","WILMINGTON NEW CASTLE CO AIRPORT, DE US","2014-09","6","0","2","2.84","68.4","77.7","59.2"
"USW00013781","WILMINGTON NEW CASTLE CO AIRPORT, DE US","2014-10","7","0","0","2.79","58.3","67.5","49.1"
"USW00013781","WILMINGTON NEW CASTLE CO AIRPORT, DE US","2014-11","6","0","0","4.20","43.7","52.6","34.8"
"USW00013781","WILMINGTON NEW CASTLE CO AIRPORT, DE US","2014-12","6","0","0","3.01","40.1","47.0","33.2"
"USW00013781","WILMINGTON NEW CASTLE CO AIRPORT, DE US","2015-01","7","6","0","4.45","30.4","38.0","22.9"
"USW00013781","WILMINGTON NEW CASTLE CO AIRPORT, DE US","2015-02","5","13","0","2.17","24.9","33.7","16.1"
"USW00013781","WILMINGTON NEW CASTLE CO AIRPORT, DE US","2015-03","11","2","0","5.39","37.9","47.5","28.3"
"USW00013781","WILMINGTON NEW CASTLE CO AIRPORT, DE US","2015-04","6","0","0","4.29","54.0","64.7","43.3"
"USW00013781","WILMINGTON NEW CASTLE CO AIRPORT, DE US","2015-05","5","0","0","2.39","68.1","78.5","57.7"
"USW00013781","WILMINGTON NEW CASTLE CO AIRPORT, DE US","2015-06","15","0","4","12.52","73.1","81.4","64.7"
"USW00013781","WILMINGTON NEW CASTLE CO AIRPORT, DE US","2015-07","5","0","3","2.32","76.8","85.0","68.5"
"USW00013781","WILMINGTON NEW CASTLE CO AIRPORT, DE US","2015-08","4","0","5","1.52","75.7","86.0","65.4"
"USW00013781","WILMINGTON NEW CASTLE CO AIRPORT, DE US","2015-09","4","0","7","2.50","72.4","82.8","62.0"
"USW00013781","WILMINGTON NEW CASTLE CO AIRPORT, DE US","2015-10","5","0","0","3.74","55.8","66.2","45.5"
"USW00013781","WILMINGTON NEW CASTLE CO AIRPORT, DE US","2015-11","4","0","0","2.25","50.8","60.4","41.2"
"USW00013781","WILMINGTON NEW CASTLE CO AIRPORT, DE US","2015-12","10","0","0","5.21","49.4","57.1","41.6"
"USW00013781","WILMINGTON NEW CASTLE CO AIRPORT, DE US","2016-01","5","6","0","2.30","32.3","41.4","23.2"
"USW00013781","WILMINGTON NEW CASTLE CO AIRPORT, DE US","2016-02","9","4","0","4.43","36.6","45.1","28.1"
"USW00013781","WILMINGTON NEW CASTLE CO AIRPORT, DE US","2016-03","6","0","0","1.81","48.6","59.4","37.9"
"USW00013781","WILMINGTON NEW CASTLE CO AIRPORT, DE US","2016-04","7","0","0","1.84","52.6","63.5","41.7"
"USW00013781","WILMINGTON NEW CASTLE CO AIRPORT, DE US","2016-05","11","0","0","7.30","61.8","70.1","53.5"
"USW00013781","WILMINGTON NEW CASTLE CO AIRPORT, DE US","2016-06","7","0","3","3.69","72.2","81.9","62.5"
"USW00013781","WILMINGTON NEW CASTLE CO AIRPORT, DE US","2016-07","10","0","16","6.35","79.4","88.4","70.3"
"USW00013781","WILMINGTON NEW CASTLE CO AIRPORT, DE US","2016-08","4","0","15","1.55","79.2","88.6","69.8"
"USW00013781","WILMINGTON NEW CASTLE CO AIRPORT, DE US","2016-09","6","0","6","4.80","71.9","82.1","61.7"
"USW00013781","WILMINGTON NEW CASTLE CO AIRPORT, DE US","2016-10","4","0","0","2.22","59.0","69.4","48.6"
"USW00013781","WILMINGTON NEW CASTLE CO AIRPORT, DE US","2016-11","3","0","0","1.91","48.5","59.1","37.9"
"USW00013781","WILMINGTON NEW CASTLE CO AIRPORT, DE US","2016-12","6","1","0","2.59","38.0","46.0","30.0"
"USW00013781","WILMINGTON NEW CASTLE CO AIRPORT, DE US","2017-01","8","3","0","2.67","37.7","44.6","30.7"
"USW00013781","WILMINGTON NEW CASTLE CO AIRPORT, DE US","2017-02","4","0","0","1.35","43.1","53.6","32.6"
"USW00013781","WILMINGTON NEW CASTLE CO AIRPORT, DE US","2017-03","7","1","0","4.98","41.6","51.2","32.1"
"USW00013781","WILMINGTON NEW CASTLE CO AIRPORT, DE US","2017-04","5","0","0","2.33","58.8","68.6","49.0"
"USW00013781","WILMINGTON NEW CASTLE CO AIRPORT, DE US","2017-05","6","0","3","5.86","61.9","70.9","52.9"
"USW00013781","WILMINGTON NEW CASTLE CO AIRPORT, DE US","2017-06","6","0","5","3.99","73.1","83.4","63.0"
"USW00013781","WILMINGTON NEW CASTLE CO AIRPORT, DE US","2017-07","8","0","9","6.75","78.2","86.6","69.7"
"USW00013781","WILMINGTON NEW CASTLE CO AIRPORT, DE US","2017-08","7","0","2","4.22","73.7","82.5","64.8"
"USW00013781","WILMINGTON NEW CASTLE CO AIRPORT, DE US","2017-09","3","0","3","1.12","70.0","79.7","60.4"
"USW00013781","WILMINGTON NEW CASTLE CO AIRPORT, DE US","2017-10","5","0","0","4.02","62.4","72.5","52.3"
"USW00013781","WILMINGTON NEW CASTLE CO AIRPORT, DE US","2017-11","5","0","0","1.39","46.1","56.6","35.6"
"USW00013781","WILMINGTON NEW CASTLE CO AIRPORT, DE US","2017-12","4","7","0","1.24","34.9","42.9","26.9"
"USW00013781","WILMINGTON NEW CASTLE CO AIRPORT, DE US","2018-01","5","9","0","2.44","31.4","40.7","22.1"
"USW00013781","WILMINGTON NEW CASTLE CO AIRPORT, DE US","2018-02","10","1","0","6.00","40.8","49.8","31.9"
"USW00013781","WILMINGTON NEW CASTLE CO AIRPORT, DE US","2018-03","8","0","0","4.65","39.4","47.5","31.2"
"USW00013781","WILMINGTON NEW CASTLE CO AIRPORT, DE US","2018-04","7","0","0","2.59","50.3","60.4","40.3"
"USW00013781","WILMINGTON NEW CASTLE CO AIRPORT, DE US","2018-05","10","0","2","5.69","67.4","77.4","57.5"
"USW00013781","WILMINGTON NEW CASTLE CO AIRPORT, DE US","2018-06","5","0","4","2.04","72.2","81.9","62.6"
"USW00013781","WILMINGTON NEW CASTLE CO AIRPORT, DE US","2018-07","10","0","10","6.72","77.7","87.1","68.3"
"USW00013781","WILMINGTON NEW CASTLE CO AIRPORT, DE US","2018-08","9","0","9","6.67","78.2","86.5","70.0"
"USW00013781","WILMINGTON NEW CASTLE CO AIRPORT, DE US","2018-09","10","0","4","6.22","72.3","79.2","65.4"
"USW00013781","WILMINGTON NEW CASTLE CO AIRPORT, DE US","2018-10","5","0","0","2.84","58.5","67.0","50.1"
"USW00013781","WILMINGTON NEW CASTLE CO AIRPORT, DE US","2018-11","11","0","0","8.69","43.1","50.7","35.5"
"USW00013781","WILMINGTON NEW CASTLE CO AIRPORT, DE US","2018-12","9","0","0","6.85","39.5","47.6","31.3"
"USW00013781","WILMINGTON NEW CASTLE CO AIRPORT, DE US","2019-01","7","4","0","4.01","32.6","40.6","24.7"
"USW00013781","WILMINGTON NEW CASTLE CO AIRPORT, DE US","2019-02","8","2","0","3.43","36.1","44.3","27.9"
"USW00013781","WILMINGTON NEW CASTLE CO AIRPORT, DE US","2019-03","6","1","0","4.14","41.8","51.3","32.3"
"USW00013781","WILMINGTON NEW CASTLE CO AIRPORT, DE US","2019-04","6","0","0","2.74","58.0","68.7","47.4"
"USW00013781","WILMINGTON NEW CASTLE CO AIRPORT, DE US","2019-05","7","0","1","4.97","66.2","75.0","57.4"
"USW00013781","WILMINGTON NEW CASTLE CO AIRPORT, DE US","2019-06","8","0","4","8.54","73.5","83.3","63.7"
"USW00013781","WILMINGTON NEW CASTLE CO AIRPORT, DE US","2019-07","7","0","14","5.65","79.8","89.5","70.2"
"USW00013781","WILMINGTON NEW CASTLE CO AIRPORT, DE US","2019-08","8","0","7","2.66","76.7","85.7","67.6"
"USW00013781","WILMINGTON NEW CASTLE CO AIRPORT, DE US","2019-09","3","0","4","0.48","72.2","83.2","61.3"
"USW00013781","WILMINGTON NEW CASTLE CO AIRPORT, DE US","2019-10","7","0","1","5.49","61.0","70.8","51.3"
"USW00013781","WILMINGTON NEW CASTLE CO AIRPORT, DE US","2019-11","2","0","0","1.20","42.7","52.8","32.7"
"USW00013781","WILMINGTON NEW CASTLE CO AIRPORT, DE US","2019-12","10","1","0","4.68","38.6","46.5","30.5"
"USW00013781","WILMINGTON NEW CASTLE CO AIRPORT, DE US","2020-01","6","0","0","3.90","39.0","47.7","30.3"
"USW00013781","WILMINGTON NEW CASTLE CO AIRPORT, DE US","2020-02","9","1","0","2.94","40.7","49.6","31.7"
"USW00013781","WILMINGTON NEW CASTLE CO AIRPORT, DE US","2020-03","7","0","0","3.35","48.8","58.3","39.4"
"USW00013781","WILMINGTON NEW CASTLE CO AIRPORT, DE US","2020-04","8","0","0","4.36","51.4","61.1","41.7"
"USW00013781","WILMINGTON NEW CASTLE CO AIRPORT, DE US","2020-05","5","0","0","2.45","60.3","70.1","50.6"
"USW00013781","WILMINGTON NEW CASTLE CO AIRPORT, DE US","2020-06","6","0","2","3.31","73.1","82.9","63.4"
"USW00013781","WILMINGTON NEW CASTLE CO AIRPORT, DE US","2020-07","6","0","16","4.90","80.0","89.6","70.5"
"USW00013781","WILMINGTON NEW CASTLE CO AIRPORT, DE US","2020-08","9","0","5","9.37","76.7","84.8","68.6"
"USW00013781","WILMINGTON NEW CASTLE CO AIRPORT, DE US","2020-09","8","0","0","3.41","67.7","76.9","58.5"
"USW00013781","WILMINGTON NEW CASTLE CO AIRPORT, DE US","2020-10","8","0","0","4.35","58.0","66.9","49.1"
"USW00013781","WILMINGTON NEW CASTLE CO AIRPORT, DE US","2020-11","7","0","0","5.91","50.6","61.2","39.9"
"USW00013781","WILMINGTON NEW CASTLE CO AIRPORT, DE US","2020-12","7","0","0","5.17","37.7","45.7","29.6"
"USW00013781","WILMINGTON NEW CASTLE CO AIRPORT, DE US","2021-01","5","2","0","1.84","35.3","42.7","28.0"
"USW00013781","WILMINGTON NEW CASTLE CO AIRPORT, DE US","2021-02","10","5","0","4.52","33.9","40.1","27.7"
"USW00013781","WILMINGTON NEW CASTLE CO AIRPORT, DE US","2021-03","5","0","0","4.80","46.7","57.2","36.1"
"USW00013781","WILMINGTON NEW CASTLE CO AIRPORT, DE US","2021-04","5","0","0","2.37","54.6","65.7","43.4"
"USW00013781","WILMINGTON NEW CASTLE CO AIRPORT, DE US","2021-05","5","0","2","3.04","62.7","74.0","51.4"
"USW00013781","WILMINGTON NEW CASTLE CO AIRPORT, DE US","2021-06","7","0","9","1.96","73.8","83.9","63.7"
"USW00013781","WILMINGTON NEW CASTLE CO AIRPORT, DE US","2021-07","9","0","11","4.77","77.8","87.3","68.2"
"USW00013781","WILMINGTON NEW CASTLE CO AIRPORT, DE US","2021-08","9","0","13","2.77","78.1","86.8","69.4"
"USW00013781","WILMINGTON NEW CASTLE CO AIRPORT, DE US","2021-09","5","0","0","5.36","70.3","80.0","60.7"
"USW00013781","WILMINGTON NEW CASTLE CO AIRPORT, DE US","2021-10","7","0","0","4.85","62.9","71.6","54.2"
"USW00013781","WILMINGTON NEW CASTLE CO AIRPORT, DE US","2021-11","2","0","0","0.69","44.2","55.0","33.5"
"USW00013781","WILMINGTON NEW CASTLE CO AIRPORT, DE US","2021-12","4","0","0","1.12","43.2","51.5","34.9"
"USW00013781","WILMINGTON NEW CASTLE CO AIRPORT, DE US","2022-01","9","7","0","3.11","31.0","39.6","22.5"
