"STATION","NAME","DATE","DP10","DX32","DX90","PRCP","SNOW","TAVG","TMAX","TMIN"
"USW00003196","NOGALES INTERNATIONAL AIRPORT, AZ US","2000-01","0","0","0","0.01",,"51.3","69.1","33.5"
"USW00003196","NOGALES INTERNATIONAL AIRPORT, AZ US","2000-02","2","0","0","0.30",,"53.1","70.2","36.0"
"USW00003196","NOGALES INTERNATIONAL AIRPORT, AZ US","2000-03","2","0","0","1.17",,"53.4","70.0","36.8"
"USW00003196","NOGALES INTERNATIONAL AIRPORT, AZ US","2000-04","0","0","3","0.00",,"64.0","82.1","45.8"
"USW00003196","NOGALES INTERNATIONAL AIRPORT, AZ US","2000-05","0","0","18","0.02",,"72.8","91.1","54.5"
"USW00003196","NOGALES INTERNATIONAL AIRPORT, AZ US","2000-06","8","0","19","4.08",,"77.9","92.2","63.6"
"USW00003196","NOGALES INTERNATIONAL AIRPORT, AZ US","2000-07","4","0","23","2.63",,"79.0","92.9","65.2"
"USW00003196","NOGALES INTERNATIONAL AIRPORT, AZ US","2000-08","8","0","17","5.20",,"76.7","89.5","63.9"
"USW00003196","NOGALES INTERNATIONAL AIRPORT, AZ US","2000-09","1","0","23","0.15",,"76.5","92.4","60.5"
"USW00003196","NOGALES INTERNATIONAL AIRPORT, AZ US","2000-10","10","0","6","6.59",,"62.9","75.4","50.3"
"USW00003196","NOGALES INTERNATIONAL AIRPORT, AZ US","2000-11","4","0","0","1.67",,"48.8","63.3","34.4"
"USW00003196","NOGALES INTERNATIONAL AIRPORT, AZ US","2000-12","0","0","0","0.02",,"50.8","68.3","33.4"
"USW00003196","NOGALES INTERNATIONAL AIRPORT, AZ US","2001-01","6","0","0","1.79",,"45.0","58.8","31.2"
"USW00003196","NOGALES INTERNATIONAL AIRPORT, AZ US","2001-02","1","0","0","0.49",,"49.1","64.9","33.3"
"USW00003196","NOGALES INTERNATIONAL AIRPORT, AZ US","2001-03","1","0","0","0.62",,"53.7","69.9","37.5"
"USW00003196","NOGALES INTERNATIONAL AIRPORT, AZ US","2001-04","2","0","1","1.42",,"59.7","76.6","42.8"
"USW00003196","NOGALES INTERNATIONAL AIRPORT, AZ US","2001-05","0","0","19","0.16",,"71.2","89.6","52.8"
"USW00003196","NOGALES INTERNATIONAL AIRPORT, AZ US","2001-06","3","0","26","0.53",,"78.1","94.8","61.4"
"USW00003196","NOGALES INTERNATIONAL AIRPORT, AZ US","2001-07","7","0","13","4.61",,"77.5","89.6","65.5"
"USW00003196","NOGALES INTERNATIONAL AIRPORT, AZ US","2001-08","7","0","21","1.82",,"77.3","91.5","63.0"
"USW00003196","NOGALES INTERNATIONAL AIRPORT, AZ US","2001-09","2","0","24","0.50",,"76.2","91.8","60.7"
"USW00003196","NOGALES INTERNATIONAL AIRPORT, AZ US","2001-10","2","0","5","0.46",,"67.0","83.6","50.4"
"USW00003196","NOGALES INTERNATIONAL AIRPORT, AZ US","2001-11","0","0","0","0.13",,"57.2","72.5","42.0"
"USW00003196","NOGALES INTERNATIONAL AIRPORT, AZ US","2001-12","2","0","0","1.11",,"45.6","62.0","29.2"
"USW00003196","NOGALES INTERNATIONAL AIRPORT, AZ US","2002-01","1","0","0","0.24",,"47.9","63.6","32.1"
"USW00003196","NOGALES INTERNATIONAL AIRPORT, AZ US","2002-02","3","0","0","0.61",,"51.7","68.8","34.6"
"USW00003196","NOGALES INTERNATIONAL AIRPORT, AZ US","2002-03","0","0","0","0.00",,"54.1","72.3","35.9"
"USW00003196","NOGALES INTERNATIONAL AIRPORT, AZ US","2002-04","0","0","1","0.00",,"65.3","82.8","47.7"
"USW00003196","NOGALES INTERNATIONAL AIRPORT, AZ US","2002-05","0","0","9","0.01",,"69.1","88.3","50.0"
"USW00003196","NOGALES INTERNATIONAL AIRPORT, AZ US","2002-06","0","0","27","0.00",,"81.1","98.6","63.6"
"USW00003196","NOGALES INTERNATIONAL AIRPORT, AZ US","2002-07","7","0","22","2.44",,"80.0","93.1","66.9"
"USW00003196","NOGALES INTERNATIONAL AIRPORT, AZ US","2002-08","7","0","22","4.23",,"78.1","91.8","64.4"
"USW00003196","NOGALES INTERNATIONAL AIRPORT, AZ US","2002-09","3","0","16","1.12",,"75.7","90.4","61.0"
"USW00003196","NOGALES INTERNATIONAL AIRPORT, AZ US","2002-10","2","0","0","0.31",,"62.9","78.6","47.2"
"USW00003196","NOGALES INTERNATIONAL AIRPORT, AZ US","2002-11","1","0","0","0.49",,"57.0","73.5","40.5"
"USW00003196","NOGALES INTERNATIONAL AIRPORT, AZ US","2002-12","3","0","0","0.74",,"46.6","60.8","32.4"
"USW00003196","NOGALES INTERNATIONAL AIRPORT, AZ US","2003-01","1","0","0","0.13",,"53.8","72.1","35.6"
"USW00003196","NOGALES INTERNATIONAL AIRPORT, AZ US","2003-02","5","0","0","1.52",,"50.2","63.2","37.2"
"USW00003196","NOGALES INTERNATIONAL AIRPORT, AZ US","2003-03","2","0","0","0.71",,"53.6","69.6","37.5"
"USW00003196","NOGALES INTERNATIONAL AIRPORT, AZ US","2003-04","0","0","0","0.08",,"59.4","76.4","42.5"
"USW00003196","NOGALES INTERNATIONAL AIRPORT, AZ US","2003-05","0","0","17","0.06",,"70.7","89.0","52.4"
"USW00003196","NOGALES INTERNATIONAL AIRPORT, AZ US","2003-06","0","0","26","0.00",,"78.7","95.9","61.4"
"USW00003196","NOGALES INTERNATIONAL AIRPORT, AZ US","2003-07","13","0","22","3.67",,"82.0","96.1","67.9"
"USW00003196","NOGALES INTERNATIONAL AIRPORT, AZ US","2003-08","12","0","20","4.03",,"78.4","90.8","66.0"
"USW00003196","NOGALES INTERNATIONAL AIRPORT, AZ US","2003-09","2","0","23","0.69",,"75.8","90.9","60.7"
"USW00003196","NOGALES INTERNATIONAL AIRPORT, AZ US","2003-10","2","0","9","0.71",,"69.3","84.7","54.0"
"USW00003196","NOGALES INTERNATIONAL AIRPORT, AZ US","2003-11","3","0","0","0.87",,"55.1","70.8","39.4"
"USW00003196","NOGALES INTERNATIONAL AIRPORT, AZ US","2003-12","1","0","0","0.65",,"49.6","66.6","32.7"
"USW00003196","NOGALES INTERNATIONAL AIRPORT, AZ US","2004-01","3","0","0","0.70",,"49.1","62.2","36.0"
"USW00003196","NOGALES INTERNATIONAL AIRPORT, AZ US","2004-02","2","0","0","0.42",,"46.3","61.6","31.0"
"USW00003196","NOGALES INTERNATIONAL AIRPORT, AZ US","2004-03","4","0","0","0.81",,"60.8","76.3","45.4"
"USW00003196","NOGALES INTERNATIONAL AIRPORT, AZ US","2004-04","4","0","0","1.60",,"59.7","74.4","45.0"
"USW00003196","NOGALES INTERNATIONAL AIRPORT, AZ US","2004-05","0","0","9","0.00",,"69.9","87.1","52.8"
"USW00003196","NOGALES INTERNATIONAL AIRPORT, AZ US","2004-06","1","0","26","0.17",,"76.6","93.7","59.5"
"USW00003196","NOGALES INTERNATIONAL AIRPORT, AZ US","2004-07","8","0","22","5.34",,"78.5","92.4","64.5"
"USW00003196","NOGALES INTERNATIONAL AIRPORT, AZ US","2004-08","5","0","15","3.81",,"75.5","89.6","61.3"
"USW00003196","NOGALES INTERNATIONAL AIRPORT, AZ US","2004-09","1","0","14","0.50",,"72.9","88.1","57.8"
"USW00003196","NOGALES INTERNATIONAL AIRPORT, AZ US","2004-10","1","0","1","0.28",,"63.1","78.4","47.7"
"USW00003196","NOGALES INTERNATIONAL AIRPORT, AZ US","2004-11","1","0","0","0.41",,"50.3","64.8","35.8"
"USW00003196","NOGALES INTERNATIONAL AIRPORT, AZ US","2004-12","4","0","0","0.98",,"48.2","63.0","33.3"
"USW00003196","NOGALES INTERNATIONAL AIRPORT, AZ US","2005-01","6","0","0","1.36",,"49.5","62.8","36.1"
"USW00003196","NOGALES INTERNATIONAL AIRPORT, AZ US","2005-02","3","0","0","1.00",,"50.3","60.8","39.7"
"USW00003196","NOGALES INTERNATIONAL AIRPORT, AZ US","2005-03","2","0","0","0.66",,"53.2","67.8","38.6"
"USW00003196","NOGALES INTERNATIONAL AIRPORT, AZ US","2005-04","1","0","0","0.23",,"60.6","77.4","43.8"
"USW00003196","NOGALES INTERNATIONAL AIRPORT, AZ US","2005-05","2","0","9","0.68",,"70.4","86.9","53.8"
"USW00003196","NOGALES INTERNATIONAL AIRPORT, AZ US","2005-06","0","0","21","0.07",,"77.6","94.2","60.9"
"USW00003196","NOGALES INTERNATIONAL AIRPORT, AZ US","2005-07","10","0","26","4.23",,"82.1","96.5","67.6"
"USW00003196","NOGALES INTERNATIONAL AIRPORT, AZ US","2005-08","10","0","9","3.67",,"75.5","87.4","63.6"
"USW00003196","NOGALES INTERNATIONAL AIRPORT, AZ US","2005-09","1","0","17","0.34",,"75.2","90.5","60.0"
"USW00003196","NOGALES INTERNATIONAL AIRPORT, AZ US","2005-10","0","0","3","0.05",,"65.8","81.8","49.8"
"USW00003196","NOGALES INTERNATIONAL AIRPORT, AZ US","2005-11","0","0","0","0.00",,"57.6","75.3","39.9"
"USW00003196","NOGALES INTERNATIONAL AIRPORT, AZ US","2005-12","0","0","0","0.00",,"50.6","67.8","33.4"
"USW00003196","NOGALES INTERNATIONAL AIRPORT, AZ US","2006-01","0","0","0","0.00",,"49.9","67.8","32.1"
"USW00003196","NOGALES INTERNATIONAL AIRPORT, AZ US","2006-02","1","0","0","0.17",,"53.7","70.9","36.5"
"USW00003196","NOGALES INTERNATIONAL AIRPORT, AZ US","2006-03","2","0","0","0.75",,"53.4","67.8","39.1"
"USW00003196","NOGALES INTERNATIONAL AIRPORT, AZ US","2006-04","0","0","0","0.00",,"62.9","79.8","45.9"
"USW00003196","NOGALES INTERNATIONAL AIRPORT, AZ US","2006-05","0","0","17","0.01",,"72.2","89.7","54.8"
"USW00003196","NOGALES INTERNATIONAL AIRPORT, AZ US","2006-06","0","0","28","0.05",,"81.9","97.2","66.7"
"USW00003196","NOGALES INTERNATIONAL AIRPORT, AZ US","2006-07","9","0","24","6.56",,"81.4","94.3","68.4"
"USW00003196","NOGALES INTERNATIONAL AIRPORT, AZ US","2006-08","7","0","12","2.66",,"76.4","87.5","65.2"
"USW00003196","NOGALES INTERNATIONAL AIRPORT, AZ US","2006-09","6","0","5","4.30",,"70.9","84.2","57.6"
"USW00003196","NOGALES INTERNATIONAL AIRPORT, AZ US","2006-10","2","0","1","0.80",,"63.7","79.5","47.9"
"USW00003196","NOGALES INTERNATIONAL AIRPORT, AZ US","2006-11","0","0","0","0.00",,"57.9","75.8","39.9"
"USW00003196","NOGALES INTERNATIONAL AIRPORT, AZ US","2006-12","0","0","0","0.20",,"47.1","63.2","31.1"
"USW00003196","NOGALES INTERNATIONAL AIRPORT, AZ US","2007-01","0","0","0","0.02",,"44.8","58.3","31.2"
"USW00003196","NOGALES INTERNATIONAL AIRPORT, AZ US","2007-02","0","0","0","0.02",,"50.5","66.3","34.6"
"USW00003196","NOGALES INTERNATIONAL AIRPORT, AZ US","2007-03","2","0","1","0.69",,"58.0","75.1","41.0"
"USW00003196","NOGALES INTERNATIONAL AIRPORT, AZ US","2007-04","0","0","0","0.07",,"62.1","78.5","45.7"
"USW00003196","NOGALES INTERNATIONAL AIRPORT, AZ US","2007-05","0","0","16","0.00",,"70.9","87.9","53.9"
"USW00003196","NOGALES INTERNATIONAL AIRPORT, AZ US","2007-06","0","0","26","0.06",,"79.8","96.4","63.1"
"USW00003196","NOGALES INTERNATIONAL AIRPORT, AZ US","2007-07","9","0","19","4.87",,"79.6","91.7","67.5"
"USW00003196","NOGALES INTERNATIONAL AIRPORT, AZ US","2007-08","8","0","19","2.49",,"78.4","90.3","66.6"
"USW00003196","NOGALES INTERNATIONAL AIRPORT, AZ US","2007-09","5","0","13","2.35",,"74.9","88.8","61.0"
"USW00003196","NOGALES INTERNATIONAL AIRPORT, AZ US","2007-10","0","0","3","0.03",,"66.4","82.8","50.0"
"USW00003196","NOGALES INTERNATIONAL AIRPORT, AZ US","2007-11","2","0","0","1.21",,"60.2","76.1","44.3"
"USW00003196","NOGALES INTERNATIONAL AIRPORT, AZ US","2007-12","4","0","0","1.02",,"46.4","60.9","31.9"
"USW00003196","NOGALES INTERNATIONAL AIRPORT, AZ US","2008-01","0","0","0","0.20",,"47.8","61.5","34.0"
"USW00003196","NOGALES INTERNATIONAL AIRPORT, AZ US","2008-02","2","0","0","0.79",,"51.2","67.8","34.5"
"USW00003196","NOGALES INTERNATIONAL AIRPORT, AZ US","2008-03","0","0","0","0.01",,"55.1","72.9","37.2"
"USW00003196","NOGALES INTERNATIONAL AIRPORT, AZ US","2008-04","0","0","1","0.00",,"62.1","80.2","44.1"
"USW00003196","NOGALES INTERNATIONAL AIRPORT, AZ US","2008-05","2","0","7","0.28",,"66.8","83.7","49.9"
"USW00003196","NOGALES INTERNATIONAL AIRPORT, AZ US","2008-06","2","0","29","0.42",,"80.2","97.3","63.1"
"USW00003196","NOGALES INTERNATIONAL AIRPORT, AZ US","2008-07","15","0","16","7.51",,"77.7","89.1","66.2"
"USW00003196","NOGALES INTERNATIONAL AIRPORT, AZ US","2008-08","9","0","17","2.99",,"76.8","89.1","64.5"
"USW00003196","NOGALES INTERNATIONAL AIRPORT, AZ US","2008-09","3","0","15","1.54",,"74.0","89.0","59.0"
"USW00003196","NOGALES INTERNATIONAL AIRPORT, AZ US","2008-10","1","0","4","0.34",,"66.3","84.4","48.1"
"USW00003196","NOGALES INTERNATIONAL AIRPORT, AZ US","2008-11","1","0","0","0.30",,"58.2","75.4","41.1"
"USW00003196","NOGALES INTERNATIONAL AIRPORT, AZ US","2008-12","3","0","0","0.67",,"50.3","65.1","35.4"
"USW00003196","NOGALES INTERNATIONAL AIRPORT, AZ US","2009-01","1","0","0","0.39",,"52.2","68.3","36.2"
"USW00003196","NOGALES INTERNATIONAL AIRPORT, AZ US","2009-02","2","0","0","0.31",,"53.8","71.3","36.2"
"USW00003196","NOGALES INTERNATIONAL AIRPORT, AZ US","2009-03","0","0","1","0.11",,"58.2","75.7","40.6"
"USW00003196","NOGALES INTERNATIONAL AIRPORT, AZ US","2009-04","1","0","1","0.20",,"61.6","79.0","44.1"
"USW00003196","NOGALES INTERNATIONAL AIRPORT, AZ US","2009-05","1","0","22","0.24",,"73.2","90.6","55.8"
"USW00003196","NOGALES INTERNATIONAL AIRPORT, AZ US","2009-06","2","0","23","0.82",,"76.6","92.2","61.0"
"USW00003196","NOGALES INTERNATIONAL AIRPORT, AZ US","2009-07","8","0","31","4.22",,"81.9","95.7","68.1"
"USW00003196","NOGALES INTERNATIONAL AIRPORT, AZ US","2009-08","4","0","29","1.46",,"80.5","95.6","65.4"
"USW00003196","NOGALES INTERNATIONAL AIRPORT, AZ US","2009-09","2","0","20","0.60",,"76.2","91.3","61.0"
"USW00003196","NOGALES INTERNATIONAL AIRPORT, AZ US","2009-10","2","0","3","0.85",,"64.5","80.0","49.1"
"USW00003196","NOGALES INTERNATIONAL AIRPORT, AZ US","2009-11","0","0","0","0.04",,"59.1","75.8","42.4"
"USW00003196","NOGALES INTERNATIONAL AIRPORT, AZ US","2009-12","1","0","0","0.35",,"48.1","62.5","33.6"
"USW00003196","NOGALES INTERNATIONAL AIRPORT, AZ US","2010-01","5","0","0","2.47",,"50.0","64.3","35.6"
"USW00003196","NOGALES INTERNATIONAL AIRPORT, AZ US","2010-02","5","0","0","1.50",,"49.3","62.6","36.0"
"USW00003196","NOGALES INTERNATIONAL AIRPORT, AZ US","2010-03","1","0","0","0.39",,"54.2","70.0","38.5"
"USW00003196","NOGALES INTERNATIONAL AIRPORT, AZ US","2010-04","1","0","0","0.54",,"59.9","76.1","43.7"
"USW00003196","NOGALES INTERNATIONAL AIRPORT, AZ US","2010-05","0","0","8","0.00",,"66.8","85.2","48.4"
"USW00003196","NOGALES INTERNATIONAL AIRPORT, AZ US","2010-06","0","0","25","0.00",,"78.8","96.2","61.5"
"USW00003196","NOGALES INTERNATIONAL AIRPORT, AZ US","2010-07","9","0","23","4.25",,"81.3","93.7","68.8"
"USW00003196","NOGALES INTERNATIONAL AIRPORT, AZ US","2010-08","8","0","21","3.62",,"79.4","92.7","66.2"
"USW00003196","NOGALES INTERNATIONAL AIRPORT, AZ US","2010-09","3","0","22","1.06",,"77.2","92.1","62.3"
"USW00003196","NOGALES INTERNATIONAL AIRPORT, AZ US","2010-10","4","0","4","0.90",,"66.2","81.9","50.6"
"USW00003196","NOGALES INTERNATIONAL AIRPORT, AZ US","2010-11","0","0","0","0.00",,"53.5","70.4","36.6"
"USW00003196","NOGALES INTERNATIONAL AIRPORT, AZ US","2010-12","2","0","0","0.43",,"53.1","69.7","36.6"
"USW00003196","NOGALES INTERNATIONAL AIRPORT, AZ US","2011-01","0","0","0","0.00",,"48.5","66.3","30.7"
"USW00003196","NOGALES INTERNATIONAL AIRPORT, AZ US","2011-02","1","1","0","0.17",,"48.4","64.9","31.9"
"USW00003196","NOGALES INTERNATIONAL AIRPORT, AZ US","2011-03","0","0","0","0.00",,"59.3","78.0","40.6"
"USW00003196","NOGALES INTERNATIONAL AIRPORT, AZ US","2011-04","0","0","3","0.08",,"64.6","82.1","47.0"
"USW00003196","NOGALES INTERNATIONAL AIRPORT, AZ US","2011-05","0","0","9","0.00",,"68.2","85.7","50.7"
"USW00003196","NOGALES INTERNATIONAL AIRPORT, AZ US","2011-06","0","0","30","0.00",,"81.1","99.5","62.6"
"USW00003196","NOGALES INTERNATIONAL AIRPORT, AZ US","2011-07","8","0","27","2.94",,"81.2","94.5","67.8"
"USW00003196","NOGALES INTERNATIONAL AIRPORT, AZ US","2011-08","5","0","26","4.79",,"81.9","95.1","68.7"
"USW00003196","NOGALES INTERNATIONAL AIRPORT, AZ US","2011-09","1","0","20","0.13",,"76.6","92.3","60.8"
"USW00003196","NOGALES INTERNATIONAL AIRPORT, AZ US","2011-10","0","0","9","0.00","0.0","67.6","85.1","50.1"
"USW00003196","NOGALES INTERNATIONAL AIRPORT, AZ US","2011-11","2","0","0","0.63","0.0","55.4","70.0","40.8"
"USW00003196","NOGALES INTERNATIONAL AIRPORT, AZ US","2011-12","4","0","0","2.23","0.0","45.9","59.6","32.2"
"USW00003196","NOGALES INTERNATIONAL AIRPORT, AZ US","2012-01","0","0","0","0.06","0.0","52.0","69.3","34.6"
"USW00003196","NOGALES INTERNATIONAL AIRPORT, AZ US","2012-02","1","0","0","0.13","0.0","50.7","67.5","33.9"
"USW00003196","NOGALES INTERNATIONAL AIRPORT, AZ US","2012-03","2","0","0","0.41","0.0","56.3","74.2","38.3"
"USW00003196","NOGALES INTERNATIONAL AIRPORT, AZ US","2012-04","0","0","6","0.00","0.0","64.4","82.6","46.2"
"USW00003196","NOGALES INTERNATIONAL AIRPORT, AZ US","2012-05","1","0","18","0.27","0.0","72.1","90.6","53.7"
"USW00003196","NOGALES INTERNATIONAL AIRPORT, AZ US","2012-06","2","0","30","0.59","0.0","81.3","98.7","64.0"
"USW00003196","NOGALES INTERNATIONAL AIRPORT, AZ US","2012-07","11","0","17","4.50","0.0","78.9","90.6","67.3"
"USW00003196","NOGALES INTERNATIONAL AIRPORT, AZ US","2012-08","10","0","26","4.30","0.0","79.6","93.3","66.0"
"USW00003196","NOGALES INTERNATIONAL AIRPORT, AZ US","2012-09","6","0","11","3.39","0.0","74.4","88.5","60.2"
"USW00003196","NOGALES INTERNATIONAL AIRPORT, AZ US","2012-10","0","0","3","0.00","0.0","67.0","85.1","49.0"
"USW00003196","NOGALES INTERNATIONAL AIRPORT, AZ US","2012-11","0","0","0","0.00","0.0","60.0","76.8","43.1"
"USW00003196","NOGALES INTERNATIONAL AIRPORT, AZ US","2012-12","3","0","0","1.41","0.0","48.8","64.0","33.5"
"USW00003196","NOGALES INTERNATIONAL AIRPORT, AZ US","2013-01","2","0","0","0.89",,"46.1","61.3","30.9"
"USW00003196","NOGALES INTERNATIONAL AIRPORT, AZ US","2013-02","1","0","0","0.34","0.0","46.1","62.2","30.1"
"USW00003196","NOGALES INTERNATIONAL AIRPORT, AZ US","2013-03","1","0","0","0.11","0.0","59.2","77.0","41.3"
"USW00003196","NOGALES INTERNATIONAL AIRPORT, AZ US","2013-04","0","0","3","0.00","0.0","62.8","80.4","45.2"
"USW00003196","NOGALES INTERNATIONAL AIRPORT, AZ US","2013-05","0","0","15","0.00","0.0","70.9","87.9","53.9"
"USW00003196","NOGALES INTERNATIONAL AIRPORT, AZ US","2013-06","1","0","30","0.80","0.0","81.9","99.9","63.8"
"USW00003196","NOGALES INTERNATIONAL AIRPORT, AZ US","2013-07","10","0","22","4.45","0.0","80.0","91.5","68.6"
"USW00003196","NOGALES INTERNATIONAL AIRPORT, AZ US","2013-08","8","0","22","3.28","0.0","78.9","92.3","65.5"
"USW00003196","NOGALES INTERNATIONAL AIRPORT, AZ US","2013-09","5","0","18","2.58","0.0","75.1","89.6","60.6"
"USW00003196","NOGALES INTERNATIONAL AIRPORT, AZ US","2013-10","0","0","1","0.00","0.0","64.3","81.9","46.8"
"USW00003196","NOGALES INTERNATIONAL AIRPORT, AZ US","2013-11","2","0","0","1.38","0.0","58.6","73.3","43.8"
"USW00003196","NOGALES INTERNATIONAL AIRPORT, AZ US","2013-12","2","0","0","0.68","0.0","49.4","64.5","34.2"
"USW00003196","NOGALES INTERNATIONAL AIRPORT, AZ US","2014-01","0","0","0","0.00","0.0","53.1","70.7","35.5"
"USW00003196","NOGALES INTERNATIONAL AIRPORT, AZ US","2014-02","0","0","0","0.07","0.0","55.4","72.6","38.2"
"USW00003196","NOGALES INTERNATIONAL AIRPORT, AZ US","2014-03","1","0","0","1.50","0.0","58.6","74.6","42.5"
"USW00003196","NOGALES INTERNATIONAL AIRPORT, AZ US","2014-04","0","0","1","0.00","0.0","62.4","80.0","44.8"
"USW00003196","NOGALES INTERNATIONAL AIRPORT, AZ US","2014-05","0","0","13","0.04","0.0","70.2","87.8","52.6"
"USW00003196","NOGALES INTERNATIONAL AIRPORT, AZ US","2014-06","0","0","30","0.00","0.0","81.8","98.5","65.1"
"USW00003196","NOGALES INTERNATIONAL AIRPORT, AZ US","2014-07","9","0","27","3.63","0.0","80.1","93.5","66.7"
"USW00003196","NOGALES INTERNATIONAL AIRPORT, AZ US","2014-08","10","0","15","6.91","0.0","76.4","88.8","64.1"
"USW00003196","NOGALES INTERNATIONAL AIRPORT, AZ US","2014-09","9","0","12","5.82","0.0","74.7","86.9","62.4"
"USW00003196","NOGALES INTERNATIONAL AIRPORT, AZ US","2014-10","2","0","2","1.29","0.0","67.6","84.2","51.0"
"USW00003196","NOGALES INTERNATIONAL AIRPORT, AZ US","2014-11","0","0","0","0.04","0.0","56.3","73.1","39.5"
"USW00003196","NOGALES INTERNATIONAL AIRPORT, AZ US","2014-12","5","0","0","0.88",,"50.1","65.2","34.9"
"USW00003196","NOGALES INTERNATIONAL AIRPORT, AZ US","2015-01","4","0","0","2.20",,"51.2","66.1","36.2"
"USW00003196","NOGALES INTERNATIONAL AIRPORT, AZ US","2015-02","0","0","0","0.14","0.0","56.8","73.4","40.2"
"USW00003196","NOGALES INTERNATIONAL AIRPORT, AZ US","2015-03","1","0","0","0.38","0.0","60.3","76.1","44.5"
"USW00003196","NOGALES INTERNATIONAL AIRPORT, AZ US","2015-04","1","0","0","0.41","0.0","61.7","78.8","44.5"
"USW00003196","NOGALES INTERNATIONAL AIRPORT, AZ US","2015-05","0","0","7","0.09",,"66.3","83.3","49.4"
"USW00003196","NOGALES INTERNATIONAL AIRPORT, AZ US","2015-06","4","0","30","1.39","0.0","80.9","97.7","64.1"
"USW00003196","NOGALES INTERNATIONAL AIRPORT, AZ US","2015-07","11","0","20","3.70","0.0","79.1","91.1","67.0"
"USW00003196","NOGALES INTERNATIONAL AIRPORT, AZ US","2015-08","6","0","30","2.37","0.0","80.5","94.8","66.1"
"USW00003196","NOGALES INTERNATIONAL AIRPORT, AZ US","2015-09","7","0","16","5.47","0.0","75.5","88.5","62.3"
"USW00003196","NOGALES INTERNATIONAL AIRPORT, AZ US","2015-10","4","0","4","1.30","0.0","67.4","81.0","53.9"
"USW00003196","NOGALES INTERNATIONAL AIRPORT, AZ US","2015-11","2","0","0","0.39","0.0","54.9","72.5","37.2"
"USW00003196","NOGALES INTERNATIONAL AIRPORT, AZ US","2015-12","2","0","0","0.77","0.0","48.1","64.4","31.7"
"USW00003196","NOGALES INTERNATIONAL AIRPORT, AZ US","2016-01","2","0","0","1.57",,"48.4","65.6","31.2"
"USW00003196","NOGALES INTERNATIONAL AIRPORT, AZ US","2016-02","1","0","0","0.22",,"56.6","76.6","36.6"
"USW00003196","NOGALES INTERNATIONAL AIRPORT, AZ US","2016-03","1","0","0","0.18",,"58.5","76.9","40.1"
"USW00003196","NOGALES INTERNATIONAL AIRPORT, AZ US","2016-04","3","0","1","0.84",,"61.4","78.8","44.0"
"USW00003196","NOGALES INTERNATIONAL AIRPORT, AZ US","2016-05","0","0","5","0.00",,"68.0","85.3","50.7"
"USW00003196","NOGALES INTERNATIONAL AIRPORT, AZ US","2016-06","4","0","28","2.35",,"80.6","97.3","63.8"
"USW00003196","NOGALES INTERNATIONAL AIRPORT, AZ US","2016-07","12","0","29","5.41",,"82.2","96.3","68.2"
"USW00003196","NOGALES INTERNATIONAL AIRPORT, AZ US","2016-08","7","0","18","2.52",,"76.8","90.3","63.3"
"USW00003196","NOGALES INTERNATIONAL AIRPORT, AZ US","2016-09","2","0","11","2.22",,"73.3","87.9","58.7"
"USW00003196","NOGALES INTERNATIONAL AIRPORT, AZ US","2016-10","0","0","15","0.01",,"69.9","88.7","51.2"
"USW00003196","NOGALES INTERNATIONAL AIRPORT, AZ US","2016-11","0","0","0","0.05",,"58.6","75.4","41.8"
"USW00003196","NOGALES INTERNATIONAL AIRPORT, AZ US","2016-12","3","0","0","0.95",,"52.7","68.1","37.4"
"USW00003196","NOGALES INTERNATIONAL AIRPORT, AZ US","2017-01","4","0","0","1.17",,"48.5","63.4","33.6"
"USW00003196","NOGALES INTERNATIONAL AIRPORT, AZ US","2017-02","1","0","0","0.30","0.0","54.3","70.9","37.7"
"USW00003196","NOGALES INTERNATIONAL AIRPORT, AZ US","2017-03","0","0","3","0.03","0.0","61.7","80.6","42.7"
"USW00003196","NOGALES INTERNATIONAL AIRPORT, AZ US","2017-04","1","0","3","0.12","0.0","64.2","83.7","44.8"
"USW00003196","NOGALES INTERNATIONAL AIRPORT, AZ US","2017-05","1","0","17","0.38","0.0","69.6","87.5","51.7"
"USW00003196","NOGALES INTERNATIONAL AIRPORT, AZ US","2017-06","1","0","29","0.27","0.0","82.4","101.0","63.8"
"USW00003196","NOGALES INTERNATIONAL AIRPORT, AZ US","2017-07","16","0","19","7.33","0.0","79.7","92.2","67.2"
"USW00003196","NOGALES INTERNATIONAL AIRPORT, AZ US","2017-08","3","0","25","1.52","0.0","78.5","92.7","64.4"
"USW00003196","NOGALES INTERNATIONAL AIRPORT, AZ US","2017-09","2","0","21","0.27","0.0","75.3","91.4","59.1"
"USW00003196","NOGALES INTERNATIONAL AIRPORT, AZ US","2017-10","1","0","18","0.22","0.0","70.9","89.3","52.4"
"USW00003196","NOGALES INTERNATIONAL AIRPORT, AZ US","2017-11","0","0","1","0.09","0.0","64.0","82.3","45.6"
"USW00003196","NOGALES INTERNATIONAL AIRPORT, AZ US","2017-12","1","0","0","0.79","0.0","53.2","68.6","37.8"
"USW00003196","NOGALES INTERNATIONAL AIRPORT, AZ US","2018-01","0","0","0","0.00","0.0","54.2","71.9","36.6"
"USW00003196","NOGALES INTERNATIONAL AIRPORT, AZ US","2018-02","3","0","0","0.76",,"52.4","67.7","37.1"
"USW00003196","NOGALES INTERNATIONAL AIRPORT, AZ US","2018-03","0","0","1","0.00","0.0","58.1","75.3","40.9"
"USW00003196","NOGALES INTERNATIONAL AIRPORT, AZ US","2018-04","0","0","7","0.00","0.0","66.3","84.6","47.9"
"USW00003196","NOGALES INTERNATIONAL AIRPORT, AZ US","2018-05","0","0","20","0.00","0.0","71.7","90.6","52.9"
"USW00003196","NOGALES INTERNATIONAL AIRPORT, AZ US","2018-06","2","0","27","0.76","0.0","80.2","97.9","62.6"
"USW00003196","NOGALES INTERNATIONAL AIRPORT, AZ US","2018-07","12","0","25","4.12","0.0","82.1","95.4","68.7"
"USW00003196","NOGALES INTERNATIONAL AIRPORT, AZ US","2018-08","10","0","20","4.65","0.0","78.9","91.7","66.1"
"USW00003196","NOGALES INTERNATIONAL AIRPORT, AZ US","2018-09","2","0","21","1.19","0.0","77.4","92.5","62.4"
"USW00003196","NOGALES INTERNATIONAL AIRPORT, AZ US","2018-10","3","0","0","2.14","0.0","64.6","78.3","50.8"
"USW00003196","NOGALES INTERNATIONAL AIRPORT, AZ US","2018-11","0","0","0","0.08","0.0","54.7","72.2","37.1"
"USW00003196","NOGALES INTERNATIONAL AIRPORT, AZ US","2018-12","4","0","0","0.97",,"49.3","63.7","35.0"
"USW00003196","NOGALES INTERNATIONAL AIRPORT, AZ US","2019-01","4","0","0","0.91",,"49.6","65.3","33.9"
"USW00003196","NOGALES INTERNATIONAL AIRPORT, AZ US","2019-02","2","0","0","1.61",,"47.4","61.5","33.3"
"USW00003196","NOGALES INTERNATIONAL AIRPORT, AZ US","2019-03","1","0","0","1.13","0.0","57.3","73.7","40.9"
"USW00003196","NOGALES INTERNATIONAL AIRPORT, AZ US","2019-04","0","0","6","0.03","0.0","63.0","80.4","45.5"
"USW00003196","NOGALES INTERNATIONAL AIRPORT, AZ US","2019-05","0","0","3","0.08","0.0","64.4","81.4","47.4"
"USW00003196","NOGALES INTERNATIONAL AIRPORT, AZ US","2019-06","0","0","30","0.08",,"78.2","96.7","59.7"
"USW00003196","NOGALES INTERNATIONAL AIRPORT, AZ US","2019-07","5","0","29","1.19","0.0","82.2","97.1","67.3"
"USW00003196","NOGALES INTERNATIONAL AIRPORT, AZ US","2019-08","8","0","28","4.00","0.0","80.9","95.0","66.7"
"USW00003196","NOGALES INTERNATIONAL AIRPORT, AZ US","2019-09","5","0","13","4.48","0.0","75.0","88.7","61.3"
"USW00003196","NOGALES INTERNATIONAL AIRPORT, AZ US","2019-10","0","0","1","0.00",,"65.3","82.6","48.1"
"USW00003196","NOGALES INTERNATIONAL AIRPORT, AZ US","2019-11","5","0","0","2.94",,"59.1","72.7","45.5"
"USW00003196","NOGALES INTERNATIONAL AIRPORT, AZ US","2019-12","5","0","0","1.89",,"49.9","64.3","35.4"
"USW00003196","NOGALES INTERNATIONAL AIRPORT, AZ US","2020-01","2","0","0","0.50",,"50.4","67.1","33.7"
"USW00003196","NOGALES INTERNATIONAL AIRPORT, AZ US","2020-02","3","0","0","0.95",,"51.3","67.2","35.4"
"USW00003196","NOGALES INTERNATIONAL AIRPORT, AZ US","2020-03","5","0","0","1.96",,"55.7","69.7","41.8"
"USW00003196","NOGALES INTERNATIONAL AIRPORT, AZ US","2020-04","0","0","7","0.06",,"62.8","81.0","44.6"
"USW00003196","NOGALES INTERNATIONAL AIRPORT, AZ US","2020-05","2","0","18","0.32",,"72.7","91.8","53.5"
"USW00003196","NOGALES INTERNATIONAL AIRPORT, AZ US","2020-06","0","0","28","0.02",,"79.5","97.9","61.1"
"USW00003196","NOGALES INTERNATIONAL AIRPORT, AZ US","2020-07","5","0","28","1.72",,"84.0","99.2","68.9"
"USW00003196","NOGALES INTERNATIONAL AIRPORT, AZ US","2020-08","6","0","29","3.16",,"83.3","98.9","67.7"
"USW00003196","NOGALES INTERNATIONAL AIRPORT, AZ US","2020-09","0","0","25","0.02",,"78.1","94.4","61.8"
"USW00003196","NOGALES INTERNATIONAL AIRPORT, AZ US","2020-10","0","0","21","0.00",,"69.9","89.4","50.4"
"USW00003196","NOGALES INTERNATIONAL AIRPORT, AZ US","2020-11","0","0","1","0.09",,"60.8","77.9","43.6"
"USW00003196","NOGALES INTERNATIONAL AIRPORT, AZ US","2020-12","1","0","0","0.36",,"49.1","65.9","32.3"
"USW00003196","NOGALES INTERNATIONAL AIRPORT, AZ US","2021-01","4","0","0","0.98",,"49.2","65.7","32.7"
"USW00003196","NOGALES INTERNATIONAL AIRPORT, AZ US","2021-02","0","0","0","0.01",,"52.4","70.2","34.6"
"USW00003196","NOGALES INTERNATIONAL AIRPORT, AZ US","2021-03","0","0","0","0.10",,"54.8","72.0","37.5"
"USW00003196","NOGALES INTERNATIONAL AIRPORT, AZ US","2021-04","0","0","1","0.02",,"65.5","82.3","48.7"
"USW00003196","NOGALES INTERNATIONAL AIRPORT, AZ US","2021-05","0","0","18","0.00",,"71.2","89.6","52.8"
"USW00003196","NOGALES INTERNATIONAL AIRPORT, AZ US","2021-06","0","0","30","0.04",,"83.4","100.4","66.5"
"USW00003196","NOGALES INTERNATIONAL AIRPORT, AZ US","2021-07","16","0","16","7.47",,"78.7","90.2","67.2"
"USW00003196","NOGALES INTERNATIONAL AIRPORT, AZ US","2021-08","9","0","18","3.48",,"77.9","90.6","65.3"
"USW00003196","NOGALES INTERNATIONAL AIRPORT, AZ US","2021-09","4","0","19","1.48",,"75.0","89.5","60.5"
"USW00003196","NOGALES INTERNATIONAL AIRPORT, AZ US","2021-10","0","0","2","0.00",,"64.8","83.2","46.4"
"USW00003196","NOGALES INTERNATIONAL AIRPORT, AZ US","2021-11","0","0","0","0.04",,"60.8","79.2","42.3"
"USW00003196","NOGALES INTERNATIONAL AIRPORT, AZ US","2021-12","1","0","0","0.87",,"52.8","67.7","37.9"
"USW00003196","NOGALES INTERNATIONAL AIRPORT, AZ US","2022-01","0","0","0","0.12",,"50.0","67.2","32.8"
"USR0000AGUN","GUNSIGHT ARIZONA, AZ US","2000-01",,"0","0",,,"41.4","52.0","30.7"
"USR0000AGUN","GUNSIGHT ARIZONA, AZ US","2000-02",,"0","0",,,"42.9","53.9","31.7"
"USR0000AGUN","GUNSIGHT ARIZONA, AZ US","2000-03",,"0","0",,,"45.7","58.1","33.3"
"USR0000AGUN","GUNSIGHT ARIZONA, AZ US","2000-04",,"0","0",,,"58.6","73.7","43.5"
"USR0000AGUN","GUNSIGHT ARIZONA, AZ US","2000-05",,"0","7",,,"68.1","83.6","52.7"
"USR0000AGUN","GUNSIGHT ARIZONA, AZ US","2000-06",,"0","21",,,"75.0","90.4","59.6"
"USR0000AGUN","GUNSIGHT ARIZONA, AZ US","2000-07",,"0","27",,,"79.9","94.5","65.2"
"USR0000AGUN","GUNSIGHT ARIZONA, AZ US","2000-08",,"0","20",,,"76.8","90.3","63.2"
"USR0000AGUN","GUNSIGHT ARIZONA, AZ US","2000-09",,"0","8",,,"71.3","85.7","56.8"
"USR0000AGUN","GUNSIGHT ARIZONA, AZ US","2000-10",,"0","0",,,"56.1","67.6","44.7"
"USR0000AGUN","GUNSIGHT ARIZONA, AZ US","2000-11",,"0","0",,,"39.1","50.3","27.9"
"USR0000AGUN","GUNSIGHT ARIZONA, AZ US","2000-12",,"0","0",,,"40.7","52.0","29.4"
"USR0000AGUN","GUNSIGHT ARIZONA, AZ US","2001-01",,"0","0",,,"35.9","45.6","26.2"
"USR0000AGUN","GUNSIGHT ARIZONA, AZ US","2001-02",,"0","0",,,"40.2","50.3","30.1"
"USR0000AGUN","GUNSIGHT ARIZONA, AZ US","2001-03",,"0","0",,,"47.8","60.0","35.7"
"USR0000AGUN","GUNSIGHT ARIZONA, AZ US","2001-04",,"0","0",,,"52.5","64.9","40.1"
"USR0000AGUN","GUNSIGHT ARIZONA, AZ US","2001-05",,"0","6",,,"66.8","82.4","51.3"
"USR0000AGUN","GUNSIGHT ARIZONA, AZ US","2001-06",,"0","20",,,"74.1","90.0","58.2"
"USR0000AGUN","GUNSIGHT ARIZONA, AZ US","2001-07",,"0","18",,,"77.3","91.6","63.0"
"USR0000AGUN","GUNSIGHT ARIZONA, AZ US","2001-08",,"0","23",,,"77.3","92.3","62.4"
"USR0000AGUN","GUNSIGHT ARIZONA, AZ US","2001-09",,"0","8",,,"72.9","87.8","57.9"
"USR0000AGUN","GUNSIGHT ARIZONA, AZ US","2001-10",,"0","0",,,"61.4","75.4","47.3"
"USR0000AGUN","GUNSIGHT ARIZONA, AZ US","2001-11",,"0","0",,,"47.4","59.5","35.4"
"USR0000AGUN","GUNSIGHT ARIZONA, AZ US","2001-12",,"0","0",,,"33.9","43.5","24.4"
"USR0000AGUN","GUNSIGHT ARIZONA, AZ US","2002-01",,"0","0",,,"36.4","47.8","25.1"
"USR0000AGUN","GUNSIGHT ARIZONA, AZ US","2002-02",,"0","0",,,"41.6","55.9","27.2"
"USR0000AGUN","GUNSIGHT ARIZONA, AZ US","2002-03",,"0","0",,,"44.4","58.6","30.2"
"USR0000AGUN","GUNSIGHT ARIZONA, AZ US","2002-04",,"0","0",,,"58.6","72.9","44.3"
"USR0000AGUN","GUNSIGHT ARIZONA, AZ US","2002-05",,"0","3",,,"63.7","79.4","47.9"
"USR0000AGUN","GUNSIGHT ARIZONA, AZ US","2002-06",,"0","24",,,"76.5","92.8","60.2"
"USR0000AGUN","GUNSIGHT ARIZONA, AZ US","2002-07",,"0","28",,,"81.7","96.7","66.6"
"USR0000AGUN","GUNSIGHT ARIZONA, AZ US","2002-08",,"0","22",,,"78.4","93.2","63.6"
"USR0000AGUN","GUNSIGHT ARIZONA, AZ US","2002-09",,"0","4",,,"68.8","81.8","55.8"
"USR0000AGUN","GUNSIGHT ARIZONA, AZ US","2002-10",,"0","0",,,"55.7","68.1","43.2"
"USR0000AGUN","GUNSIGHT ARIZONA, AZ US","2002-11",,"0","0",,,"46.0","58.4","33.6"
"USR0000AGUN","GUNSIGHT ARIZONA, AZ US","2002-12",,"1","0",,,"36.8","47.0","26.6"
"USR0000AGUN","GUNSIGHT ARIZONA, AZ US","2003-01",,"0","0",,,"45.0","57.8","32.2"
"USR0000AGUN","GUNSIGHT ARIZONA, AZ US","2003-02",,"0","0",,,"39.6","49.8","29.5"
"USR0000AGUN","GUNSIGHT ARIZONA, AZ US","2003-03",,"0","0",,,"46.6","59.4","33.8"
"USR0000AGUN","GUNSIGHT ARIZONA, AZ US","2003-04",,"0","0",,,"51.0","63.6","38.4"
"USR0000AGUN","GUNSIGHT ARIZONA, AZ US","2003-05",,"0","9",,,"65.0","79.6","50.4"
"USR0000AGUN","GUNSIGHT ARIZONA, AZ US","2003-06",,"0","15",,,"74.3","89.7","58.9"
"USR0000AGUN","GUNSIGHT ARIZONA, AZ US","2003-07",,"0","29",,,"81.9","97.5","66.3"
"USR0000AGUN","GUNSIGHT ARIZONA, AZ US","2003-08",,"0","23",,,"77.5","91.3","63.8"
"USR0000AGUN","GUNSIGHT ARIZONA, AZ US","2003-09",,"0","12",,,"72.1","87.1","57.1"
"USR0000AGUN","GUNSIGHT ARIZONA, AZ US","2003-10",,"0","0",,,"64.1","79.2","48.9"
"USR0000AGUN","GUNSIGHT ARIZONA, AZ US","2003-11",,"0","0",,,"42.4","53.0","31.8"
"USR0000AGUN","GUNSIGHT ARIZONA, AZ US","2003-12",,"1","0",,,"37.8","48.4","27.2"
"USR0000AGUN","GUNSIGHT ARIZONA, AZ US","2004-01",,"0","0",,,"37.1","48.3","25.9"
"USR0000AGUN","GUNSIGHT ARIZONA, AZ US","2004-02",,"0","0",,,"36.3","46.2","26.5"
"USR0000AGUN","GUNSIGHT ARIZONA, AZ US","2004-03",,"0","0",,,"55.2","69.7","40.8"
"USR0000AGUN","GUNSIGHT ARIZONA, AZ US","2004-04",,"0","0",,,"53.9","67.3","40.4"
"USR0000AGUN","GUNSIGHT ARIZONA, AZ US","2004-05",,"0","0",,,"66.1","80.2","51.9"
"USR0000AGUN","GUNSIGHT ARIZONA, AZ US","2004-06",,"0","21",,,"74.5","90.0","59.0"
"USR0000AGUN","GUNSIGHT ARIZONA, AZ US","2004-07",,"0","28",,,"78.2","93.0","63.3"
"USR0000AGUN","GUNSIGHT ARIZONA, AZ US","2004-08",,"0","13",,,"75.4","89.8","61.1"
"USR0000AGUN","GUNSIGHT ARIZONA, AZ US","2004-09",,"0","5",,,"68.0","82.7","53.2"
"USR0000AGUN","GUNSIGHT ARIZONA, AZ US","2004-10",,"0","0",,,"54.6","66.0","43.3"
"USR0000AGUN","GUNSIGHT ARIZONA, AZ US","2004-11",,"0","0",,,"42.2","52.6","31.9"
"USR0000AGUN","GUNSIGHT ARIZONA, AZ US","2004-12",,"0","0",,,"38.9","49.3","28.5"
"USR0000AGUN","GUNSIGHT ARIZONA, AZ US","2005-01",,"0","0",,,"40.9","49.9","32.0"
"USR0000AGUN","GUNSIGHT ARIZONA, AZ US","2005-02",,"0","0",,,"41.1","49.7","32.4"
"USR0000AGUN","GUNSIGHT ARIZONA, AZ US","2005-03",,"0","0",,,"45.3","57.3","33.3"
"USR0000AGUN","GUNSIGHT ARIZONA, AZ US","2005-04",,"0","0",,,"51.7","65.3","38.1"
"USR0000AGUN","GUNSIGHT ARIZONA, AZ US","2005-05",,"0","4",,,"63.1","76.9","49.3"
"USR0000AGUN","GUNSIGHT ARIZONA, AZ US","2005-06",,"0","8",,,"69.9","84.3","55.5"
"USR0000AGUN","GUNSIGHT ARIZONA, AZ US","2005-07",,"0","29",,,"81.5","97.0","66.0"
"USR0000AGUN","GUNSIGHT ARIZONA, AZ US","2005-08",,"0","13",,,"74.2","88.4","60.0"
"USR0000AGUN","GUNSIGHT ARIZONA, AZ US","2005-09",,"0","5",,,"69.8","84.6","55.1"
"USR0000AGUN","GUNSIGHT ARIZONA, AZ US","2005-10",,"0","0",,,"58.0","71.7","44.2"
"USR0000AGUN","GUNSIGHT ARIZONA, AZ US","2005-11",,"0","0",,,"47.8","60.3","35.3"
"USR0000AGUN","GUNSIGHT ARIZONA, AZ US","2005-12",,"0","0",,,"39.6","51.9","27.4"
"USR0000AGUN","GUNSIGHT ARIZONA, AZ US","2006-01",,"0","0",,,"39.2","51.6","26.8"
"USR0000AGUN","GUNSIGHT ARIZONA, AZ US","2006-02",,"0","0",,,"42.9","56.9","28.9"
"USR0000AGUN","GUNSIGHT ARIZONA, AZ US","2006-03",,"0","0",,,"43.1","54.0","32.2"
"USR0000AGUN","GUNSIGHT ARIZONA, AZ US","2006-04",,"0","0",,,"54.8","69.0","40.6"
"USR0000AGUN","GUNSIGHT ARIZONA, AZ US","2006-05",,"0","7",,,"67.0","82.6","51.4"
"USR0000AGUN","GUNSIGHT ARIZONA, AZ US","2006-06",,"0","23",,,"76.7","92.8","60.6"
"USR0000AGUN","GUNSIGHT ARIZONA, AZ US","2006-07",,"0","25",,,"80.3","94.7","65.9"
"USR0000AGUN","GUNSIGHT ARIZONA, AZ US","2006-08",,"0","18",,,"75.6","89.7","61.4"
"USR0000AGUN","GUNSIGHT ARIZONA, AZ US","2006-09",,"0","3",,,"65.9","80.6","51.2"
"USR0000AGUN","GUNSIGHT ARIZONA, AZ US","2006-10",,"0","0",,,"55.1","68.3","42.0"
"USR0000AGUN","GUNSIGHT ARIZONA, AZ US","2006-11",,"1","0",,,"47.5","60.4","34.5"
"USR0000AGUN","GUNSIGHT ARIZONA, AZ US","2006-12",,"0","0",,,"36.4","47.9","24.9"
"USR0000AGUN","GUNSIGHT ARIZONA, AZ US","2007-01",,"3","0",,,"33.4","45.7","21.2"
"USR0000AGUN","GUNSIGHT ARIZONA, AZ US","2007-02",,"0","0",,,"42.0","53.5","30.5"
"USR0000AGUN","GUNSIGHT ARIZONA, AZ US","2007-03",,"0","0",,,"50.8","64.5","37.0"
"USR0000AGUN","GUNSIGHT ARIZONA, AZ US","2007-04",,"0","0",,,"55.4","69.5","41.2"
"USR0000AGUN","GUNSIGHT ARIZONA, AZ US","2007-05",,"0","2",,,"65.3","80.5","50.0"
"USR0000AGUN","GUNSIGHT ARIZONA, AZ US","2007-06",,"0","21",,,"75.2","91.5","59.0"
"USR0000AGUN","GUNSIGHT ARIZONA, AZ US","2007-07",,"0","28",,,"81.8","96.2","67.3"
"USR0000AGUN","GUNSIGHT ARIZONA, AZ US","2007-08",,"0","24",,,"78.3","92.2","64.3"
"USR0000AGUN","GUNSIGHT ARIZONA, AZ US","2007-09",,"0","8",,,"69.8","83.4","56.3"
"USR0000AGUN","GUNSIGHT ARIZONA, AZ US","2007-10",,"0","0",,,"57.2","71.3","43.1"
"USR0000AGUN","GUNSIGHT ARIZONA, AZ US","2007-11",,"0","0",,,"51.0","64.6","37.4"
"USR0000AGUN","GUNSIGHT ARIZONA, AZ US","2007-12",,"0","0",,,"34.0","43.7","24.3"
"USR0000AGUN","GUNSIGHT ARIZONA, AZ US","2008-01",,"2","0",,,"33.3","43.1","23.6"
"USR0000AGUN","GUNSIGHT ARIZONA, AZ US","2008-02",,"0","0",,,"39.6","50.7","28.5"
"USR0000AGUN","GUNSIGHT ARIZONA, AZ US","2008-03",,"0","0",,,"47.2","60.9","33.4"
"USR0000AGUN","GUNSIGHT ARIZONA, AZ US","2008-04",,"0","0",,,"52.6","67.9","37.4"
"USR0000AGUN","GUNSIGHT ARIZONA, AZ US","2008-05",,"0","3",,,"59.2","74.0","44.4"
"USR0000AGUN","GUNSIGHT ARIZONA, AZ US","2008-06",,"0","18",,,"73.9","90.0","57.7"
"USR0000AGUN","GUNSIGHT ARIZONA, AZ US","2008-07",,"0","23",,,"79.8","94.2","65.3"
"USR0000AGUN","GUNSIGHT ARIZONA, AZ US","2008-08",,"0","21",,,"78.0","91.5","64.5"
"USR0000AGUN","GUNSIGHT ARIZONA, AZ US","2008-09",,"0","6",,,"70.7","85.6","55.8"
"USR0000AGUN","GUNSIGHT ARIZONA, AZ US","2008-10",,"0","0",,,"59.1","73.8","44.5"
"USR0000AGUN","GUNSIGHT ARIZONA, AZ US","2008-11",,"0","0",,,"49.0","61.3","36.8"
"USR0000AGUN","GUNSIGHT ARIZONA, AZ US","2008-12",,"4","0",,,"34.7","44.3","25.1"
"USR0000AGUN","GUNSIGHT ARIZONA, AZ US","2009-01",,"1","0",,,"38.7","49.7","27.7"
"USR0000AGUN","GUNSIGHT ARIZONA, AZ US","2009-02",,"0","0",,,"41.3","52.2","30.4"
"USR0000AGUN","GUNSIGHT ARIZONA, AZ US","2009-03",,"0","0",,,"47.3","61.4","33.3"
"USR0000AGUN","GUNSIGHT ARIZONA, AZ US","2009-04",,"0","0",,,"51.8","65.9","37.8"
"USR0000AGUN","GUNSIGHT ARIZONA, AZ US","2009-05",,"0","2",,,"67.5","81.8","53.1"
"USR0000AGUN","GUNSIGHT ARIZONA, AZ US","2009-06",,"0","6",,,"69.6","83.0","56.2"
"USR0000AGUN","GUNSIGHT ARIZONA, AZ US","2009-07",,"0","29",,,"80.4","94.9","65.8"
"USR0000AGUN","GUNSIGHT ARIZONA, AZ US","2009-08",,"0","21",,,"76.7","91.9","61.4"
"USR0000AGUN","GUNSIGHT ARIZONA, AZ US","2009-09",,"0","8",,,"71.2","85.9","56.4"
"USR0000AGUN","GUNSIGHT ARIZONA, AZ US","2009-10",,"0","0",,,"53.7","67.1","40.2"
"USR0000AGUN","GUNSIGHT ARIZONA, AZ US","2009-11",,"0","0",,,"48.5","62.1","34.8"
"USR0000AGUN","GUNSIGHT ARIZONA, AZ US","2009-12",,"2","0",,,"32.6","42.5","22.8"
"USR0000AGUN","GUNSIGHT ARIZONA, AZ US","2010-01",,"0","0",,,"36.3","45.9","26.7"
"USR0000AGUN","GUNSIGHT ARIZONA, AZ US","2010-02",,"0","0",,,"38.4","48.7","28.1"
"USR0000AGUN","GUNSIGHT ARIZONA, AZ US","2010-03",,"0","0",,,"44.5","56.9","32.0"
"USR0000AGUN","GUNSIGHT ARIZONA, AZ US","2010-04",,"0","0",,,"50.8","64.1","37.5"
"USR0000AGUN","GUNSIGHT ARIZONA, AZ US","2010-05",,"0","0",,,"57.5","71.7","43.3"
"USR0000AGUN","GUNSIGHT ARIZONA, AZ US","2010-06",,"0","14",,,"73.3","88.3","58.2"
"USR0000AGUN","GUNSIGHT ARIZONA, AZ US","2010-07",,"0","27",,,"80.1","94.2","66.0"
"USR0000AGUN","GUNSIGHT ARIZONA, AZ US","2010-08",,"0","19",,,"75.9","89.3","62.4"
"USR0000AGUN","GUNSIGHT ARIZONA, AZ US","2010-09",,"0","14",,,"72.4","88.4","56.4"
"USR0000AGUN","GUNSIGHT ARIZONA, AZ US","2010-10",,"0","0",,,"56.8","68.6","45.0"
"USR0000AGUN","GUNSIGHT ARIZONA, AZ US","2010-11",,"0","0",,,"42.4","54.2","30.7"
"USR0000AGUN","GUNSIGHT ARIZONA, AZ US","2010-12",,"1","0",,,"41.6","51.0","32.1"
"USR0000AGUN","GUNSIGHT ARIZONA, AZ US","2011-01",,"2","0",,,"36.6","48.9","24.4"
"USR0000AGUN","GUNSIGHT ARIZONA, AZ US","2011-02",,"2","0",,,"36.8","48.1","25.4"
"USR0000AGUN","GUNSIGHT ARIZONA, AZ US","2011-03",,"0","0",,,"47.0","59.2","34.9"
"USR0000AGUN","GUNSIGHT ARIZONA, AZ US","2011-04",,"0","0",,,"50.9","64.1","37.6"
"USR0000AGUN","GUNSIGHT ARIZONA, AZ US","2011-05",,"0","0",,,"58.0","71.5","44.6"
"USR0000AGUN","GUNSIGHT ARIZONA, AZ US","2011-06",,"0","11",,,"71.4","86.7","56.1"
"USR0000AGUN","GUNSIGHT ARIZONA, AZ US","2011-07",,"0","21",,,"77.1","91.2","63.0"
"USR0000AGUN","GUNSIGHT ARIZONA, AZ US","2011-08",,"0","30",,,"80.0","94.8","65.2"
"USR0000AGUN","GUNSIGHT ARIZONA, AZ US","2011-09",,"0","9",,,"70.5","84.8","56.1"
"USR0000AGUN","GUNSIGHT ARIZONA, AZ US","2011-10",,"0","0",,,"58.3","73.3","43.2"
"USR0000AGUN","GUNSIGHT ARIZONA, AZ US","2011-11",,"0","0",,,"44.5","56.5","32.5"
"USR0000AGUN","GUNSIGHT ARIZONA, AZ US","2011-12",,"0","0",,,"36.2","47.7","24.6"
"USR0000AGUN","GUNSIGHT ARIZONA, AZ US","2012-01",,"0","0",,,"40.7","53.8","27.7"
"USR0000AGUN","GUNSIGHT ARIZONA, AZ US","2012-02",,"0","0",,,"40.3","52.2","28.3"
"USR0000AGUN","GUNSIGHT ARIZONA, AZ US","2012-03",,"0","0",,,"49.0","63.6","34.5"
"USR0000AGUN","GUNSIGHT ARIZONA, AZ US","2012-04",,"0","1",,,"56.4","70.7","42.0"
"USR0000AGUN","GUNSIGHT ARIZONA, AZ US","2012-05",,"0","5",,,"67.3","82.6","52.0"
"USR0000AGUN","GUNSIGHT ARIZONA, AZ US","2012-06",,"0","26",,,"76.5","93.5","59.5"
"USR0000AGUN","GUNSIGHT ARIZONA, AZ US","2012-07",,"0","20",,,"77.6","91.6","63.7"
"USR0000AGUN","GUNSIGHT ARIZONA, AZ US","2012-08",,"0","24",,,"77.9","92.6","63.2"
"USR0000AGUN","GUNSIGHT ARIZONA, AZ US","2012-09",,"0","6",,,"70.9","85.3","56.4"
"USR0000AGUN","GUNSIGHT ARIZONA, AZ US","2012-10",,"0","0",,,"60.8","74.8","46.8"
"USR0000AGUN","GUNSIGHT ARIZONA, AZ US","2012-11",,"0","0",,,"50.4","64.0","36.8"
"USR0000AGUN","GUNSIGHT ARIZONA, AZ US","2012-12",,"0","0",,,"36.8","46.3","27.3"
"USR0000AGUN","GUNSIGHT ARIZONA, AZ US","2013-01",,"4","0",,,"33.2","45.4","21.0"
"USR0000AGUN","GUNSIGHT ARIZONA, AZ US","2013-02",,"0","0",,,"38.0","50.8","25.2"
"USR0000AGUN","GUNSIGHT ARIZONA, AZ US","2013-03",,"0","0",,,"50.3","64.0","36.7"
"USR0000AGUN","GUNSIGHT ARIZONA, AZ US","2013-04",,"0","0",,,"54.5","68.5","40.4"
"USR0000AGUN","GUNSIGHT ARIZONA, AZ US","2013-05",,"0","1",,,"63.6","78.2","49.1"
"USR0000AGUN","GUNSIGHT ARIZONA, AZ US","2013-06",,"0","25",,,"77.7","93.5","61.9"
"USR0000AGUN","GUNSIGHT ARIZONA, AZ US","2013-07",,"0","22",,,"78.6","92.0","65.2"
"USR0000AGUN","GUNSIGHT ARIZONA, AZ US","2013-08",,"0","17",,,"75.6","88.2","63.0"
"USR0000AGUN","GUNSIGHT ARIZONA, AZ US","2013-09",,"0","2",,,"66.9","79.2","54.5"
"USR0000AGUN","GUNSIGHT ARIZONA, AZ US","2013-10",,"0","0",,,"53.1","66.4","39.8"
"USR0000AGUN","GUNSIGHT ARIZONA, AZ US","2013-11",,"0","0",,,"46.4","57.7","35.1"
"USR0000AGUN","GUNSIGHT ARIZONA, AZ US","2013-12",,"4","0",,,"34.1","46.2","21.9"
"USR0000AGUN","GUNSIGHT ARIZONA, AZ US","2014-01",,"0","0",,,"42.6","55.6","29.6"
"USR0000AGUN","GUNSIGHT ARIZONA, AZ US","2014-02",,"0","0",,,"44.9","56.5","33.4"
"USR0000AGUN","GUNSIGHT ARIZONA, AZ US","2014-03",,"0","0",,,"48.5","61.6","35.3"
"USR0000AGUN","GUNSIGHT ARIZONA, AZ US","2014-04",,"0","0",,,"54.8","68.0","41.6"
"USR0000AGUN","GUNSIGHT ARIZONA, AZ US","2014-05",,"0","2",,,"63.6","77.1","50.0"
"USR0000AGUN","GUNSIGHT ARIZONA, AZ US","2014-06",,"0","17",,,"75.3","90.1","60.5"
"USR0000AGUN","GUNSIGHT ARIZONA, AZ US","2014-07",,"0","23",,,"79.1","92.5","65.7"
"USR0000AGUN","GUNSIGHT ARIZONA, AZ US","2014-08",,"0","9",,,"73.0","84.8","61.1"
"USR0000AGUN","GUNSIGHT ARIZONA, AZ US","2014-09",,"0","7",,,"71.2","83.8","58.7"
"USR0000AGUN","GUNSIGHT ARIZONA, AZ US","2014-10",,"0","0",,,"61.7","74.8","48.6"
"USR0000AGUN","GUNSIGHT ARIZONA, AZ US","2014-11",,"0","0",,,"47.6","60.3","35.0"
"USR0000AGUN","GUNSIGHT ARIZONA, AZ US","2014-12",,"1","0",,,"38.3","47.1","29.6"
"USR0000AGUN","GUNSIGHT ARIZONA, AZ US","2015-01",,"1","0",,,"40.3","51.2","29.5"
"USR0000AGUN","GUNSIGHT ARIZONA, AZ US","2015-02",,"0","0",,,"47.6","60.3","34.9"
"USR0000AGUN","GUNSIGHT ARIZONA, AZ US","2015-03",,"0","0",,,"52.0","65.4","38.7"
"USR0000AGUN","GUNSIGHT ARIZONA, AZ US","2015-04",,"0","0",,,"53.7","67.2","40.2"
"USR0000AGUN","GUNSIGHT ARIZONA, AZ US","2015-05",,"0","1",,,"58.7","70.4","47.0"
"USR0000AGUN","GUNSIGHT ARIZONA, AZ US","2015-06",,"0","17",,,"75.8","90.6","61.1"
"USR0000AGUN","GUNSIGHT ARIZONA, AZ US","2015-07",,"0","16",,,"75.6","88.8","62.3"
"USR0000AGUN","GUNSIGHT ARIZONA, AZ US","2015-08",,"0","17",,,"76.0","88.6","63.5"
"USR0000AGUN","GUNSIGHT ARIZONA, AZ US","2015-09",,"0","5",,,"72.2","85.3","59.2"
"USR0000AGUN","GUNSIGHT ARIZONA, AZ US","2015-10",,"0","0",,,"60.0","71.6","48.4"
"USR0000AGUN","GUNSIGHT ARIZONA, AZ US","2015-11",,"0","0",,,"42.1","53.9","30.3"
"USR0000AGUN","GUNSIGHT ARIZONA, AZ US","2015-12",,"0","0",,,"35.0","46.1","24.0"
"USR0000AGUN","GUNSIGHT ARIZONA, AZ US","2016-01",,"0","0",,,"36.1","46.2","26.0"
"USR0000AGUN","GUNSIGHT ARIZONA, AZ US","2016-02",,"0","0",,,"45.7","60.9","30.5"
"USR0000AGUN","GUNSIGHT ARIZONA, AZ US","2016-03",,"0","0",,,"49.7","62.9","36.6"
"USR0000AGUN","GUNSIGHT ARIZONA, AZ US","2016-04",,"0","0",,,"53.7","66.4","40.9"
"USR0000AGUN","GUNSIGHT ARIZONA, AZ US","2016-05",,"0","0",,,"61.1","73.8","48.3"
"USR0000AGUN","GUNSIGHT ARIZONA, AZ US","2016-06",,"0","21",,,"78.5","93.4","63.6"
"USR0000AGUN","GUNSIGHT ARIZONA, AZ US","2016-07",,"0","28",,,"80.3","94.5","66.1"
"USR0000AGUN","GUNSIGHT ARIZONA, AZ US","2016-08",,"0","14",,,"74.6","87.3","61.9"
"USR0000AGUN","GUNSIGHT ARIZONA, AZ US","2016-09",,"0","1",,,"67.3","79.3","55.4"
"USR0000AGUN","GUNSIGHT ARIZONA, AZ US","2016-10",,"0","0",,,"61.7","73.1","50.3"
"USR0000AGUN","GUNSIGHT ARIZONA, AZ US","2016-11",,"0","0",,,"48.7","60.1","37.3"
"USR0000AGUN","GUNSIGHT ARIZONA, AZ US","2016-12",,"0","0",,,"37.9","47.8","28.0"
"USR0000AGUN","GUNSIGHT ARIZONA, AZ US","2017-01",,"1","0",,,"35.5","43.4","27.7"
"USR0000AGUN","GUNSIGHT ARIZONA, AZ US","2017-02",,"0","0",,,"44.0","52.3","35.8"
"USR0000AGUN","GUNSIGHT ARIZONA, AZ US","2017-03",,"0","0",,,"51.8","65.4","38.3"
"USR0000AGUN","GUNSIGHT ARIZONA, AZ US","2017-04",,"0","0",,,"53.8","67.2","40.3"
"USR0000AGUN","GUNSIGHT ARIZONA, AZ US","2017-05",,"0","0",,,"62.2","75.9","48.5"
"USR0000AGUN","GUNSIGHT ARIZONA, AZ US","2017-06",,"0","22",,,"77.9","93.1","62.7"
"USR0000AGUN","GUNSIGHT ARIZONA, AZ US","2017-07",,"0","25",,,"79.7","93.6","65.8"
"USR0000AGUN","GUNSIGHT ARIZONA, AZ US","2017-08",,"0","18",,,"76.5","89.5","63.4"
"USR0000AGUN","GUNSIGHT ARIZONA, AZ US","2017-09",,"0","7",,,"68.0","80.9","55.1"
"USR0000AGUN","GUNSIGHT ARIZONA, AZ US","2017-10",,"0","0",,,"60.0","74.9","45.2"
"USR0000AGUN","GUNSIGHT ARIZONA, AZ US","2017-11",,"0","0",,,"53.1","66.0","40.3"
"USR0000AGUN","GUNSIGHT ARIZONA, AZ US","2017-12",,"0","0",,,"43.0","56.6","29.5"
"USR0000AGUN","GUNSIGHT ARIZONA, AZ US","2018-01",,"0","0",,,"43.2","55.5","30.8"
"USR0000AGUN","GUNSIGHT ARIZONA, AZ US","2018-02",,"0","0",,,"40.6","52.9","28.3"
"USR0000AGUN","GUNSIGHT ARIZONA, AZ US","2018-03",,"0","0",,,"46.9","58.9","34.9"
"USR0000AGUN","GUNSIGHT ARIZONA, AZ US","2018-04",,"0","0",,,"58.6","72.0","45.1"
"USR0000AGUN","GUNSIGHT ARIZONA, AZ US","2018-05",,"0","2",,,"65.0","78.7","51.3"
"USR0000AGUN","GUNSIGHT ARIZONA, AZ US","2018-06",,"0","22",,,"77.2","92.1","62.2"
"USR0000AGUN","GUNSIGHT ARIZONA, AZ US","2018-07",,"0","27",,,"80.5","94.8","66.1"
"USR0000AGUN","GUNSIGHT ARIZONA, AZ US","2018-08",,"0","18",,,"78.1","91.3","65.0"
"USR0000AGUN","GUNSIGHT ARIZONA, AZ US","2018-09",,"0","6",,,"73.5","87.2","59.8"
"USR0000AGUN","GUNSIGHT ARIZONA, AZ US","2018-10",,"0","0",,,"54.4","64.6","44.1"
"USR0000AGUN","GUNSIGHT ARIZONA, AZ US","2018-11",,"0","0",,,"45.0","57.3","32.7"
"USR0000AGUN","GUNSIGHT ARIZONA, AZ US","2018-12",,"1","0",,,"37.5","47.9","27.0"
"USR0000AGUN","GUNSIGHT ARIZONA, AZ US","2019-01",,"1","0",,,"37.0","47.3","26.8"
"USR0000AGUN","GUNSIGHT ARIZONA, AZ US","2019-02",,"1","0",,,"34.5","43.9","25.1"
"USR0000AGUN","GUNSIGHT ARIZONA, AZ US","2019-03",,"0","0",,,"46.7","57.2","36.2"
"USR0000AGUN","GUNSIGHT ARIZONA, AZ US","2019-04",,"0","0",,,"55.4","68.0","42.8"
"USR0000AGUN","GUNSIGHT ARIZONA, AZ US","2019-05",,"0","0",,,"54.9","66.7","43.2"
"USR0000AGUN","GUNSIGHT ARIZONA, AZ US","2019-06",,"0","8",,,"71.7","86.2","57.1"
"USR0000AGUN","GUNSIGHT ARIZONA, AZ US","2019-07",,"0","25",,,"78.8","92.8","64.7"
"USR0000AGUN","GUNSIGHT ARIZONA, AZ US","2019-08",,"0","29",,,"79.6","94.2","65.0"
"USR0000AGUN","GUNSIGHT ARIZONA, AZ US","2019-09",,"0","8",,,"71.1","84.5","57.8"
"USR0000AGUN","GUNSIGHT ARIZONA, AZ US","2019-10",,"0","0",,,"53.8","68.9","38.7"
"USR0000AGUN","GUNSIGHT ARIZONA, AZ US","2019-11",,"0","0",,,"48.4","61.4","35.5"
"USR0000AGUN","GUNSIGHT ARIZONA, AZ US","2019-12",,"0","0",,,"35.5","45.0","26.0"
"USR0000AGUN","GUNSIGHT ARIZONA, AZ US","2020-01",,"0","0",,,"38.5","49.7","27.4"
"USR0000AGUN","GUNSIGHT ARIZONA, AZ US","2020-02",,"0","0",,,"41.2","54.6","27.8"
"USR0000AGUN","GUNSIGHT ARIZONA, AZ US","2020-03",,"0","0",,,"46.4","56.7","36.1"
"USR0000AGUN","GUNSIGHT ARIZONA, AZ US","2020-04",,"0","0",,,"55.3","67.8","42.8"
"USR0000AGUN","GUNSIGHT ARIZONA, AZ US","2020-05",,"0","4",,,"66.7","80.9","52.5"
"USR0000AGUN","GUNSIGHT ARIZONA, AZ US","2020-06",,"0","17",,,"73.5","88.0","59.1"
"USR0000AGUN","GUNSIGHT ARIZONA, AZ US","2020-07",,"0","27",,,"80.4","94.9","65.8"
"USR0000AGUN","GUNSIGHT ARIZONA, AZ US","2020-08",,"0","29",,,"81.9","96.6","67.2"
"USR0000AGUN","GUNSIGHT ARIZONA, AZ US","2020-09",,"0","11",,,"72.4","87.9","56.9"
"USR0000AGUN","GUNSIGHT ARIZONA, AZ US","2020-10",,"0","0",,,"62.7","78.5","47.0"
"USR0000AGUN","GUNSIGHT ARIZONA, AZ US","2020-11",,"0","0",,,"48.0","60.9","35.1"
"USR0000AGUN","GUNSIGHT ARIZONA, AZ US","2020-12",,"0","0",,,"36.8","48.7","25.0"
"USR0000AGUN","GUNSIGHT ARIZONA, AZ US","2021-01",,"0","0",,,"37.6","49.1","26.1"
"USR0000AGUN","GUNSIGHT ARIZONA, AZ US","2021-02",,"0","0",,,"40.6","53.0","28.2"
"USR0000AGUN","GUNSIGHT ARIZONA, AZ US","2021-03",,"0","0",,,"44.8","57.3","32.4"
"USR0000AGUN","GUNSIGHT ARIZONA, AZ US","2021-04",,"0","0",,,"57.5","71.5","43.5"
"USR0000AGUN","GUNSIGHT ARIZONA, AZ US","2021-05",,"0","0",,,"65.0","79.7","50.2"
"USR0000AGUN","GUNSIGHT ARIZONA, AZ US","2021-06",,"0","20",,,"79.0","93.7","64.2"
"USR0000AGUN","GUNSIGHT ARIZONA, AZ US","2021-07",,"0","21",,,"80.4","93.9","66.8"
"USR0000AGUN","GUNSIGHT ARIZONA, AZ US","2021-08",,"0","22",,,"78.2","91.9","64.5"
"USR0000AGUN","GUNSIGHT ARIZONA, AZ US","2021-09",,"0","12",,,"72.4","86.1","58.7"
"USR0000AGUN","GUNSIGHT ARIZONA, AZ US","2021-10",,"0","0",,,"54.8","67.0","42.6"
"USR0000AGUN","GUNSIGHT ARIZONA, AZ US","2021-11",,"0","0",,,"52.0","64.8","39.3"
"USR0000AGUN","GUNSIGHT ARIZONA, AZ US","2021-12",,"0","0",,,"39.3","48.5","30.1"
"USR0000AGUN","GUNSIGHT ARIZONA, AZ US","2022-01",,"1","0",,,"38.5","50.7","26.3"
