"STATION","NAME","DATE","DP10","DX32","DX90","PRCP","TAVG","TMAX","TMIN"
"USW00014737","ALLENTOWN LEHIGH VALLEY INTERNATIONAL AIRPORT, PA US","2000-01","5","16","0","3.00","27.4","35.7","19.2"
"USW00014737","ALLENTOWN LEHIGH VALLEY INTERNATIONAL AIRPORT, PA US","2000-02","5","7","0","1.89","31.1","40.4","21.9"
"USW00014737","ALLENTOWN LEHIGH VALLEY INTERNATIONAL AIRPORT, PA US","2000-03","9","0","0","5.05","44.2","56.4","32.1"
"USW00014737","ALLENTOWN LEHIGH VALLEY INTERNATIONAL AIRPORT, PA US","2000-04","8","0","0","3.76","49.4","59.6","39.2"
"USW00014737","ALLENTOWN LEHIGH VALLEY INTERNATIONAL AIRPORT, PA US","2000-05","9","0","1","5.54","61.2","72.1","50.3"
"USW00014737","ALLENTOWN LEHIGH VALLEY INTERNATIONAL AIRPORT, PA US","2000-06","8","0","3","5.57","69.2","78.9","59.4"
"USW00014737","ALLENTOWN LEHIGH VALLEY INTERNATIONAL AIRPORT, PA US","2000-07","9","0","0","3.36","70.2","80.0","60.3"
"USW00014737","ALLENTOWN LEHIGH VALLEY INTERNATIONAL AIRPORT, PA US","2000-08","11","0","0","5.22","70.2","79.2","61.2"
"USW00014737","ALLENTOWN LEHIGH VALLEY INTERNATIONAL AIRPORT, PA US","2000-09","9","0","0","3.75","61.6","72.4","50.7"
"USW00014737","ALLENTOWN LEHIGH VALLEY INTERNATIONAL AIRPORT, PA US","2000-10","4","0","0","1.10","52.7","65.0","40.5"
"USW00014737","ALLENTOWN LEHIGH VALLEY INTERNATIONAL AIRPORT, PA US","2000-11","5","0","0","2.24","40.4","49.7","31.1"
"USW00014737","ALLENTOWN LEHIGH VALLEY INTERNATIONAL AIRPORT, PA US","2000-12","5","18","0","4.37","25.3","33.9","16.8"
"USW00014737","ALLENTOWN LEHIGH VALLEY INTERNATIONAL AIRPORT, PA US","2001-01","7","8","0","2.65","27.0","35.3","18.8"
"USW00014737","ALLENTOWN LEHIGH VALLEY INTERNATIONAL AIRPORT, PA US","2001-02","5","5","0","2.37","31.4","39.8","23.0"
"USW00014737","ALLENTOWN LEHIGH VALLEY INTERNATIONAL AIRPORT, PA US","2001-03","10","0","0","4.19","36.5","44.9","28.0"
"USW00014737","ALLENTOWN LEHIGH VALLEY INTERNATIONAL AIRPORT, PA US","2001-04","6","0","0","1.60","50.6","62.6","38.6"
"USW00014737","ALLENTOWN LEHIGH VALLEY INTERNATIONAL AIRPORT, PA US","2001-05","6","0","3","4.39","60.6","72.2","49.0"
"USW00014737","ALLENTOWN LEHIGH VALLEY INTERNATIONAL AIRPORT, PA US","2001-06","7","0","1","5.55","69.5","80.8","58.1"
"USW00014737","ALLENTOWN LEHIGH VALLEY INTERNATIONAL AIRPORT, PA US","2001-07","9","0","2","4.63","68.9","80.3","57.4"
"USW00014737","ALLENTOWN LEHIGH VALLEY INTERNATIONAL AIRPORT, PA US","2001-08","6","0","5","2.51","73.6","84.6","62.7"
"USW00014737","ALLENTOWN LEHIGH VALLEY INTERNATIONAL AIRPORT, PA US","2001-09","6","0","0","4.22","62.2","75.1","49.4"
"USW00014737","ALLENTOWN LEHIGH VALLEY INTERNATIONAL AIRPORT, PA US","2001-10","3","0","0","0.81","53.5","66.5","40.6"
"USW00014737","ALLENTOWN LEHIGH VALLEY INTERNATIONAL AIRPORT, PA US","2001-11","3","0","0","1.09","47.0","59.2","34.8"
"USW00014737","ALLENTOWN LEHIGH VALLEY INTERNATIONAL AIRPORT, PA US","2001-12","7","3","0","1.92","38.2","47.8","28.6"
"USW00014737","ALLENTOWN LEHIGH VALLEY INTERNATIONAL AIRPORT, PA US","2002-01","5","2","0","1.46","34.2","43.4","25.0"
"USW00014737","ALLENTOWN LEHIGH VALLEY INTERNATIONAL AIRPORT, PA US","2002-02","3","1","0","0.56","36.1","47.5","24.7"
"USW00014737","ALLENTOWN LEHIGH VALLEY INTERNATIONAL AIRPORT, PA US","2002-03","8","1","0","3.63","40.9","51.4","30.3"
"USW00014737","ALLENTOWN LEHIGH VALLEY INTERNATIONAL AIRPORT, PA US","2002-04","9","0","1","3.84","52.4","63.6","41.1"
"USW00014737","ALLENTOWN LEHIGH VALLEY INTERNATIONAL AIRPORT, PA US","2002-05","5","0","0","4.43","57.4","69.1","45.8"
"USW00014737","ALLENTOWN LEHIGH VALLEY INTERNATIONAL AIRPORT, PA US","2002-06","7","0","3","4.65","69.7","80.5","58.9"
"USW00014737","ALLENTOWN LEHIGH VALLEY INTERNATIONAL AIRPORT, PA US","2002-07","2","0","14","1.14","75.6","87.6","63.7"
"USW00014737","ALLENTOWN LEHIGH VALLEY INTERNATIONAL AIRPORT, PA US","2002-08","5","0","15","2.25","74.9","87.5","62.3"
"USW00014737","ALLENTOWN LEHIGH VALLEY INTERNATIONAL AIRPORT, PA US","2002-09","4","0","2","2.39","66.3","78.3","54.4"
"USW00014737","ALLENTOWN LEHIGH VALLEY INTERNATIONAL AIRPORT, PA US","2002-10","8","0","0","6.84","51.7","60.8","42.6"
"USW00014737","ALLENTOWN LEHIGH VALLEY INTERNATIONAL AIRPORT, PA US","2002-11","8","0","0","3.32","40.9","49.9","31.8"
"USW00014737","ALLENTOWN LEHIGH VALLEY INTERNATIONAL AIRPORT, PA US","2002-12","6","6","0","4.95","29.6","37.5","21.7"
"USW00014737","ALLENTOWN LEHIGH VALLEY INTERNATIONAL AIRPORT, PA US","2003-01","3","19","0","1.41","23.6","30.6","16.6"
"USW00014737","ALLENTOWN LEHIGH VALLEY INTERNATIONAL AIRPORT, PA US","2003-02","6","12","0","3.11","25.8","33.4","18.1"
"USW00014737","ALLENTOWN LEHIGH VALLEY INTERNATIONAL AIRPORT, PA US","2003-03","9","2","0","3.62","39.8","50.9","28.8"
"USW00014737","ALLENTOWN LEHIGH VALLEY INTERNATIONAL AIRPORT, PA US","2003-04","9","0","0","2.22","48.7","59.5","37.9"
"USW00014737","ALLENTOWN LEHIGH VALLEY INTERNATIONAL AIRPORT, PA US","2003-05","8","0","0","3.21","57.3","66.4","48.1"
"USW00014737","ALLENTOWN LEHIGH VALLEY INTERNATIONAL AIRPORT, PA US","2003-06","13","0","3","8.30","67.2","76.8","57.7"
"USW00014737","ALLENTOWN LEHIGH VALLEY INTERNATIONAL AIRPORT, PA US","2003-07","6","0","5","5.45","74.2","84.8","63.5"
"USW00014737","ALLENTOWN LEHIGH VALLEY INTERNATIONAL AIRPORT, PA US","2003-08","8","0","1","5.07","74.9","84.5","65.4"
"USW00014737","ALLENTOWN LEHIGH VALLEY INTERNATIONAL AIRPORT, PA US","2003-09","13","0","0","11.08","65.6","74.8","56.3"
"USW00014737","ALLENTOWN LEHIGH VALLEY INTERNATIONAL AIRPORT, PA US","2003-10","8","0","0","5.15","51.5","62.7","40.2"
"USW00014737","ALLENTOWN LEHIGH VALLEY INTERNATIONAL AIRPORT, PA US","2003-11","5","0","0","3.37","46.6","56.4","36.8"
"USW00014737","ALLENTOWN LEHIGH VALLEY INTERNATIONAL AIRPORT, PA US","2003-12","7","4","0","4.97","33.0","41.1","24.9"
"USW00014737","ALLENTOWN LEHIGH VALLEY INTERNATIONAL AIRPORT, PA US","2004-01","6","21","0","2.26","22.0","29.0","14.9"
"USW00014737","ALLENTOWN LEHIGH VALLEY INTERNATIONAL AIRPORT, PA US","2004-02","3","3","0","2.53","30.6","40.2","20.9"
"USW00014737","ALLENTOWN LEHIGH VALLEY INTERNATIONAL AIRPORT, PA US","2004-03","6","0","0","1.91","41.2","50.5","31.8"
"USW00014737","ALLENTOWN LEHIGH VALLEY INTERNATIONAL AIRPORT, PA US","2004-04","7","0","0","3.90","51.1","62.0","40.2"
"USW00014737","ALLENTOWN LEHIGH VALLEY INTERNATIONAL AIRPORT, PA US","2004-05","10","0","1","3.77","65.9","76.5","55.2"
"USW00014737","ALLENTOWN LEHIGH VALLEY INTERNATIONAL AIRPORT, PA US","2004-06","9","0","1","3.19","67.8","78.0","57.5"
"USW00014737","ALLENTOWN LEHIGH VALLEY INTERNATIONAL AIRPORT, PA US","2004-07","8","0","1","8.07","72.4","81.9","62.8"
"USW00014737","ALLENTOWN LEHIGH VALLEY INTERNATIONAL AIRPORT, PA US","2004-08","10","0","1","4.53","71.5","81.2","61.8"
"USW00014737","ALLENTOWN LEHIGH VALLEY INTERNATIONAL AIRPORT, PA US","2004-09","7","0","0","9.56","66.2","76.5","55.9"
"USW00014737","ALLENTOWN LEHIGH VALLEY INTERNATIONAL AIRPORT, PA US","2004-10","7","0","0","3.12","52.1","61.2","42.9"
"USW00014737","ALLENTOWN LEHIGH VALLEY INTERNATIONAL AIRPORT, PA US","2004-11","6","0","0","4.95","44.6","54.2","35.0"
"USW00014737","ALLENTOWN LEHIGH VALLEY INTERNATIONAL AIRPORT, PA US","2004-12","5","6","0","3.85","32.8","41.1","24.5"
"USW00014737","ALLENTOWN LEHIGH VALLEY INTERNATIONAL AIRPORT, PA US","2005-01","9","14","0","5.39","26.7","34.1","19.4"
"USW00014737","ALLENTOWN LEHIGH VALLEY INTERNATIONAL AIRPORT, PA US","2005-02","7","5","0","2.72","31.7","40.7","22.6"
"USW00014737","ALLENTOWN LEHIGH VALLEY INTERNATIONAL AIRPORT, PA US","2005-03","6","5","0","3.75","34.9","44.4","25.4"
"USW00014737","ALLENTOWN LEHIGH VALLEY INTERNATIONAL AIRPORT, PA US","2005-04","7","0","0","6.56","52.6","65.7","39.5"
"USW00014737","ALLENTOWN LEHIGH VALLEY INTERNATIONAL AIRPORT, PA US","2005-05","3","0","0","1.24","56.3","68.5","44.1"
"USW00014737","ALLENTOWN LEHIGH VALLEY INTERNATIONAL AIRPORT, PA US","2005-06","5","0","6","4.27","72.7","84.0","61.4"
"USW00014737","ALLENTOWN LEHIGH VALLEY INTERNATIONAL AIRPORT, PA US","2005-07","8","0","7","4.23","75.6","85.5","65.6"
"USW00014737","ALLENTOWN LEHIGH VALLEY INTERNATIONAL AIRPORT, PA US","2005-08","6","0","9","2.15","75.6","85.7","65.4"
"USW00014737","ALLENTOWN LEHIGH VALLEY INTERNATIONAL AIRPORT, PA US","2005-09","4","0","2","0.76","68.7","81.7","55.7"
"USW00014737","ALLENTOWN LEHIGH VALLEY INTERNATIONAL AIRPORT, PA US","2005-10","9","0","0","13.16","55.7","64.1","47.4"
"USW00014737","ALLENTOWN LEHIGH VALLEY INTERNATIONAL AIRPORT, PA US","2005-11","6","0","0","3.58","44.7","56.4","33.1"
"USW00014737","ALLENTOWN LEHIGH VALLEY INTERNATIONAL AIRPORT, PA US","2005-12","7","8","0","3.57","29.5","37.3","21.8"
"USW00014737","ALLENTOWN LEHIGH VALLEY INTERNATIONAL AIRPORT, PA US","2006-01","8","2","0","5.24","36.4","45.9","27.0"
"USW00014737","ALLENTOWN LEHIGH VALLEY INTERNATIONAL AIRPORT, PA US","2006-02","4","4","0","2.37","31.8","41.2","22.4"
"USW00014737","ALLENTOWN LEHIGH VALLEY INTERNATIONAL AIRPORT, PA US","2006-03","3","0","0","0.92","41.3","51.3","31.3"
"USW00014737","ALLENTOWN LEHIGH VALLEY INTERNATIONAL AIRPORT, PA US","2006-04","6","0","0","3.18","52.4","65.0","39.7"
"USW00014737","ALLENTOWN LEHIGH VALLEY INTERNATIONAL AIRPORT, PA US","2006-05","4","0","2","1.80","60.9","73.2","48.6"
"USW00014737","ALLENTOWN LEHIGH VALLEY INTERNATIONAL AIRPORT, PA US","2006-06","12","0","2","9.13","69.4","79.1","59.8"
"USW00014737","ALLENTOWN LEHIGH VALLEY INTERNATIONAL AIRPORT, PA US","2006-07","11","0","6","8.17","75.9","86.1","65.7"
"USW00014737","ALLENTOWN LEHIGH VALLEY INTERNATIONAL AIRPORT, PA US","2006-08","6","0","3","2.41","72.7","83.2","62.3"
"USW00014737","ALLENTOWN LEHIGH VALLEY INTERNATIONAL AIRPORT, PA US","2006-09","8","0","0","5.80","62.2","71.9","52.5"
"USW00014737","ALLENTOWN LEHIGH VALLEY INTERNATIONAL AIRPORT, PA US","2006-10","6","0","0","3.53","51.5","62.5","40.6"
"USW00014737","ALLENTOWN LEHIGH VALLEY INTERNATIONAL AIRPORT, PA US","2006-11","6","0","0","4.48","47.6","56.3","38.8"
"USW00014737","ALLENTOWN LEHIGH VALLEY INTERNATIONAL AIRPORT, PA US","2006-12","5","1","0","2.28","39.0","48.9","29.2"
"USW00014737","ALLENTOWN LEHIGH VALLEY INTERNATIONAL AIRPORT, PA US","2007-01","6","9","0","2.81","33.2","41.3","25.1"
"USW00014737","ALLENTOWN LEHIGH VALLEY INTERNATIONAL AIRPORT, PA US","2007-02","4","16","0","1.98","24.0","31.7","16.2"
"USW00014737","ALLENTOWN LEHIGH VALLEY INTERNATIONAL AIRPORT, PA US","2007-03","7","3","0","3.33","39.0","50.0","28.0"
"USW00014737","ALLENTOWN LEHIGH VALLEY INTERNATIONAL AIRPORT, PA US","2007-04","9","0","0","5.90","47.5","57.4","37.7"
"USW00014737","ALLENTOWN LEHIGH VALLEY INTERNATIONAL AIRPORT, PA US","2007-05","5","0","1","2.37","62.4","76.3","48.6"
"USW00014737","ALLENTOWN LEHIGH VALLEY INTERNATIONAL AIRPORT, PA US","2007-06","10","0","4","4.00","70.4","81.6","59.2"
"USW00014737","ALLENTOWN LEHIGH VALLEY INTERNATIONAL AIRPORT, PA US","2007-07","9","0","3","5.33","72.4","83.4","61.5"
"USW00014737","ALLENTOWN LEHIGH VALLEY INTERNATIONAL AIRPORT, PA US","2007-08","7","0","6","3.46","72.9","83.2","62.7"
"USW00014737","ALLENTOWN LEHIGH VALLEY INTERNATIONAL AIRPORT, PA US","2007-09","2","0","2","0.57","67.0","80.0","53.9"
"USW00014737","ALLENTOWN LEHIGH VALLEY INTERNATIONAL AIRPORT, PA US","2007-10","8","0","1","6.19","60.8","71.6","49.9"
"USW00014737","ALLENTOWN LEHIGH VALLEY INTERNATIONAL AIRPORT, PA US","2007-11","9","0","0","4.44","40.8","49.5","32.1"
"USW00014737","ALLENTOWN LEHIGH VALLEY INTERNATIONAL AIRPORT, PA US","2007-12","11","4","0","5.02","33.0","39.5","26.4"
"USW00014737","ALLENTOWN LEHIGH VALLEY INTERNATIONAL AIRPORT, PA US","2008-01","6","4","0","1.28","31.7","40.9","22.4"
"USW00014737","ALLENTOWN LEHIGH VALLEY INTERNATIONAL AIRPORT, PA US","2008-02","9","6","0","7.63","31.3","39.8","22.9"
"USW00014737","ALLENTOWN LEHIGH VALLEY INTERNATIONAL AIRPORT, PA US","2008-03","8","0","0","5.12","39.8","50.4","29.1"
"USW00014737","ALLENTOWN LEHIGH VALLEY INTERNATIONAL AIRPORT, PA US","2008-04","6","0","0","2.89","52.3","64.1","40.6"
"USW00014737","ALLENTOWN LEHIGH VALLEY INTERNATIONAL AIRPORT, PA US","2008-05","9","0","0","3.90","56.3","68.7","44.0"
"USW00014737","ALLENTOWN LEHIGH VALLEY INTERNATIONAL AIRPORT, PA US","2008-06","7","0","4","2.96","71.7","83.6","59.9"
"USW00014737","ALLENTOWN LEHIGH VALLEY INTERNATIONAL AIRPORT, PA US","2008-07","10","0","6","6.09","74.5","85.7","63.4"
"USW00014737","ALLENTOWN LEHIGH VALLEY INTERNATIONAL AIRPORT, PA US","2008-08","6","0","0","1.33","69.5","81.4","57.6"
"USW00014737","ALLENTOWN LEHIGH VALLEY INTERNATIONAL AIRPORT, PA US","2008-09","7","0","4","8.11","65.9","76.5","55.3"
"USW00014737","ALLENTOWN LEHIGH VALLEY INTERNATIONAL AIRPORT, PA US","2008-10","3","0","0","3.02","50.6","62.5","38.6"
"USW00014737","ALLENTOWN LEHIGH VALLEY INTERNATIONAL AIRPORT, PA US","2008-11","5","1","0","2.38","41.2","49.1","33.3"
"USW00014737","ALLENTOWN LEHIGH VALLEY INTERNATIONAL AIRPORT, PA US","2008-12","9","7","0","6.84","32.5","40.7","24.4"
"USW00014737","ALLENTOWN LEHIGH VALLEY INTERNATIONAL AIRPORT, PA US","2009-01","4","17","0","2.00","23.3","31.4","15.2"
"USW00014737","ALLENTOWN LEHIGH VALLEY INTERNATIONAL AIRPORT, PA US","2009-02","3","4","0","0.78","32.1","42.0","22.2"
"USW00014737","ALLENTOWN LEHIGH VALLEY INTERNATIONAL AIRPORT, PA US","2009-03","5","2","0","1.73","40.1","50.6","29.5"
"USW00014737","ALLENTOWN LEHIGH VALLEY INTERNATIONAL AIRPORT, PA US","2009-04","7","0","2","2.61","51.2","62.9","39.5"
"USW00014737","ALLENTOWN LEHIGH VALLEY INTERNATIONAL AIRPORT, PA US","2009-05","12","0","0","4.65","60.3","71.1","49.6"
"USW00014737","ALLENTOWN LEHIGH VALLEY INTERNATIONAL AIRPORT, PA US","2009-06","11","0","0","6.78","67.5","76.6","58.4"
"USW00014737","ALLENTOWN LEHIGH VALLEY INTERNATIONAL AIRPORT, PA US","2009-07","10","0","0","5.93","70.1","80.5","59.7"
"USW00014737","ALLENTOWN LEHIGH VALLEY INTERNATIONAL AIRPORT, PA US","2009-08","9","0","2","4.88","73.0","82.4","63.6"
"USW00014737","ALLENTOWN LEHIGH VALLEY INTERNATIONAL AIRPORT, PA US","2009-09","6","0","0","2.93","62.7","72.6","52.8"
"USW00014737","ALLENTOWN LEHIGH VALLEY INTERNATIONAL AIRPORT, PA US","2009-10","10","0","0","4.89","51.3","60.7","42.1"
"USW00014737","ALLENTOWN LEHIGH VALLEY INTERNATIONAL AIRPORT, PA US","2009-11","4","0","0","1.12","46.7","55.7","37.6"
"USW00014737","ALLENTOWN LEHIGH VALLEY INTERNATIONAL AIRPORT, PA US","2009-12","9","9","0","6.31","31.4","38.6","24.1"
"USW00014737","ALLENTOWN LEHIGH VALLEY INTERNATIONAL AIRPORT, PA US","2010-01","3","12","0","2.37","28.8","36.6","21.1"
"USW00014737","ALLENTOWN LEHIGH VALLEY INTERNATIONAL AIRPORT, PA US","2010-02","5","3","0","4.19","29.0","36.2","21.8"
"USW00014737","ALLENTOWN LEHIGH VALLEY INTERNATIONAL AIRPORT, PA US","2010-03","10","0","0","5.76","45.5","55.9","35.1"
"USW00014737","ALLENTOWN LEHIGH VALLEY INTERNATIONAL AIRPORT, PA US","2010-04","5","0","1","3.43","53.7","67.3","40.0"
"USW00014737","ALLENTOWN LEHIGH VALLEY INTERNATIONAL AIRPORT, PA US","2010-05","8","0","1","3.85","63.2","74.3","52.1"
"USW00014737","ALLENTOWN LEHIGH VALLEY INTERNATIONAL AIRPORT, PA US","2010-06","3","0","5","2.22","72.1","83.2","61.1"
"USW00014737","ALLENTOWN LEHIGH VALLEY INTERNATIONAL AIRPORT, PA US","2010-07","8","0","15","8.87","76.5","88.2","64.9"
"USW00014737","ALLENTOWN LEHIGH VALLEY INTERNATIONAL AIRPORT, PA US","2010-08","4","0","6","1.70","73.3","83.9","62.6"
"USW00014737","ALLENTOWN LEHIGH VALLEY INTERNATIONAL AIRPORT, PA US","2010-09","6","0","3","7.48","66.6","79.0","54.2"
"USW00014737","ALLENTOWN LEHIGH VALLEY INTERNATIONAL AIRPORT, PA US","2010-10","7","0","0","4.87","53.0","63.9","42.1"
"USW00014737","ALLENTOWN LEHIGH VALLEY INTERNATIONAL AIRPORT, PA US","2010-11","5","0","0","2.99","42.3","52.7","31.9"
"USW00014737","ALLENTOWN LEHIGH VALLEY INTERNATIONAL AIRPORT, PA US","2010-12","3","10","0","2.92","28.9","36.4","21.4"
"USW00014737","ALLENTOWN LEHIGH VALLEY INTERNATIONAL AIRPORT, PA US","2011-01","5","18","0","2.67","23.6","31.9","15.2"
"USW00014737","ALLENTOWN LEHIGH VALLEY INTERNATIONAL AIRPORT, PA US","2011-02","7","5","0","3.54","31.2","41.3","21.1"
"USW00014737","ALLENTOWN LEHIGH VALLEY INTERNATIONAL AIRPORT, PA US","2011-03","7","0","0","6.43","39.5","49.4","29.5"
"USW00014737","ALLENTOWN LEHIGH VALLEY INTERNATIONAL AIRPORT, PA US","2011-04","12","0","0","5.99","52.7","63.0","42.3"
"USW00014737","ALLENTOWN LEHIGH VALLEY INTERNATIONAL AIRPORT, PA US","2011-05","10","0","2","4.37","64.2","74.8","53.5"
"USW00014737","ALLENTOWN LEHIGH VALLEY INTERNATIONAL AIRPORT, PA US","2011-06","6","0","3","4.76","71.1","82.1","60.1"
"USW00014737","ALLENTOWN LEHIGH VALLEY INTERNATIONAL AIRPORT, PA US","2011-07","5","0","15","3.94","78.0","89.7","66.2"
"USW00014737","ALLENTOWN LEHIGH VALLEY INTERNATIONAL AIRPORT, PA US","2011-08","12","0","1","13.47","72.2","82.5","61.9"
"USW00014737","ALLENTOWN LEHIGH VALLEY INTERNATIONAL AIRPORT, PA US","2011-09","11","0","0","13.00","67.3","75.4","59.2"
"USW00014737","ALLENTOWN LEHIGH VALLEY INTERNATIONAL AIRPORT, PA US","2011-10","8","0","0","4.50","53.8","63.8","43.8"
"USW00014737","ALLENTOWN LEHIGH VALLEY INTERNATIONAL AIRPORT, PA US","2011-11","6","0","0","4.91","46.6","57.7","35.5"
"USW00014737","ALLENTOWN LEHIGH VALLEY INTERNATIONAL AIRPORT, PA US","2011-12","6","0","0","4.19","38.4","48.1","28.6"
"USW00014737","ALLENTOWN LEHIGH VALLEY INTERNATIONAL AIRPORT, PA US","2012-01","7","6","0","2.96","33.3","42.5","24.0"
"USW00014737","ALLENTOWN LEHIGH VALLEY INTERNATIONAL AIRPORT, PA US","2012-02","4","1","0","1.11","36.6","46.4","26.8"
"USW00014737","ALLENTOWN LEHIGH VALLEY INTERNATIONAL AIRPORT, PA US","2012-03","3","0","0","1.00","49.8","61.2","38.4"
"USW00014737","ALLENTOWN LEHIGH VALLEY INTERNATIONAL AIRPORT, PA US","2012-04","4","0","1","2.93","51.2","63.9","38.6"
"USW00014737","ALLENTOWN LEHIGH VALLEY INTERNATIONAL AIRPORT, PA US","2012-05","12","0","1","5.64","66.1","76.5","55.8"
"USW00014737","ALLENTOWN LEHIGH VALLEY INTERNATIONAL AIRPORT, PA US","2012-06","5","0","7","4.43","69.5","80.7","58.2"
"USW00014737","ALLENTOWN LEHIGH VALLEY INTERNATIONAL AIRPORT, PA US","2012-07","8","0","15","4.02","77.5","88.7","66.3"
"USW00014737","ALLENTOWN LEHIGH VALLEY INTERNATIONAL AIRPORT, PA US","2012-08","9","0","4","3.75","73.4","84.7","62.1"
"USW00014737","ALLENTOWN LEHIGH VALLEY INTERNATIONAL AIRPORT, PA US","2012-09","8","0","1","4.77","65.3","76.1","54.5"
"USW00014737","ALLENTOWN LEHIGH VALLEY INTERNATIONAL AIRPORT, PA US","2012-10","8","0","0","5.13","54.7","63.4","46.1"
"USW00014737","ALLENTOWN LEHIGH VALLEY INTERNATIONAL AIRPORT, PA US","2012-11","2","0","0","1.00","39.6","49.5","29.7"
"USW00014737","ALLENTOWN LEHIGH VALLEY INTERNATIONAL AIRPORT, PA US","2012-12","10","1","0","4.32","37.7","44.7","30.6"
"USW00014737","ALLENTOWN LEHIGH VALLEY INTERNATIONAL AIRPORT, PA US","2013-01","6","8","0","3.99","32.2","39.8","24.5"
"USW00014737","ALLENTOWN LEHIGH VALLEY INTERNATIONAL AIRPORT, PA US","2013-02","8","6","0","2.07","30.5","38.0","22.9"
"USW00014737","ALLENTOWN LEHIGH VALLEY INTERNATIONAL AIRPORT, PA US","2013-03","6","0","0","2.30","37.8","46.9","28.7"
"USW00014737","ALLENTOWN LEHIGH VALLEY INTERNATIONAL AIRPORT, PA US","2013-04","5","0","0","2.94","51.0","62.5","39.6"
"USW00014737","ALLENTOWN LEHIGH VALLEY INTERNATIONAL AIRPORT, PA US","2013-05","6","0","2","2.27","60.9","73.0","48.7"
"USW00014737","ALLENTOWN LEHIGH VALLEY INTERNATIONAL AIRPORT, PA US","2013-06","8","0","3","6.83","70.8","81.3","60.4"
"USW00014737","ALLENTOWN LEHIGH VALLEY INTERNATIONAL AIRPORT, PA US","2013-07","6","0","10","4.18","77.0","86.6","67.5"
"USW00014737","ALLENTOWN LEHIGH VALLEY INTERNATIONAL AIRPORT, PA US","2013-08","10","0","0","10.29","70.6","80.3","60.9"
"USW00014737","ALLENTOWN LEHIGH VALLEY INTERNATIONAL AIRPORT, PA US","2013-09","4","0","1","2.08","63.3","75.5","51.1"
"USW00014737","ALLENTOWN LEHIGH VALLEY INTERNATIONAL AIRPORT, PA US","2013-10","4","0","0","2.41","55.6","66.6","44.5"
"USW00014737","ALLENTOWN LEHIGH VALLEY INTERNATIONAL AIRPORT, PA US","2013-11","5","1","0","2.58","40.5","50.2","30.9"
"USW00014737","ALLENTOWN LEHIGH VALLEY INTERNATIONAL AIRPORT, PA US","2013-12","10","8","0","4.05","31.8","40.3","23.4"
"USW00014737","ALLENTOWN LEHIGH VALLEY INTERNATIONAL AIRPORT, PA US","2014-01","9","16","0","4.54","22.7","32.0","13.5"
"USW00014737","ALLENTOWN LEHIGH VALLEY INTERNATIONAL AIRPORT, PA US","2014-02","8","13","0","4.45","25.1","34.5","15.6"
"USW00014737","ALLENTOWN LEHIGH VALLEY INTERNATIONAL AIRPORT, PA US","2014-03","4","4","0","2.44","33.8","43.5","24.0"
"USW00014737","ALLENTOWN LEHIGH VALLEY INTERNATIONAL AIRPORT, PA US","2014-04","8","0","0","6.60","49.6","62.0","37.3"
"USW00014737","ALLENTOWN LEHIGH VALLEY INTERNATIONAL AIRPORT, PA US","2014-05","5","0","0","4.28","61.5","73.1","50.0"
"USW00014737","ALLENTOWN LEHIGH VALLEY INTERNATIONAL AIRPORT, PA US","2014-06","7","0","2","5.41","70.7","81.7","59.8"
"USW00014737","ALLENTOWN LEHIGH VALLEY INTERNATIONAL AIRPORT, PA US","2014-07","10","0","5","4.32","73.7","84.3","63.1"
"USW00014737","ALLENTOWN LEHIGH VALLEY INTERNATIONAL AIRPORT, PA US","2014-08","6","0","0","1.97","70.8","82.0","59.5"
"USW00014737","ALLENTOWN LEHIGH VALLEY INTERNATIONAL AIRPORT, PA US","2014-09","3","0","3","1.53","65.9","77.9","53.9"
"USW00014737","ALLENTOWN LEHIGH VALLEY INTERNATIONAL AIRPORT, PA US","2014-10","5","0","0","2.43","55.8","66.0","45.5"
"USW00014737","ALLENTOWN LEHIGH VALLEY INTERNATIONAL AIRPORT, PA US","2014-11","6","2","0","3.12","39.3","48.7","29.8"
"USW00014737","ALLENTOWN LEHIGH VALLEY INTERNATIONAL AIRPORT, PA US","2014-12","8","2","0","3.65","37.0","43.8","30.2"
"USW00014737","ALLENTOWN LEHIGH VALLEY INTERNATIONAL AIRPORT, PA US","2015-01","6","13","0","2.73","26.0","34.2","17.8"
"USW00014737","ALLENTOWN LEHIGH VALLEY INTERNATIONAL AIRPORT, PA US","2015-02","6","16","0","1.83","19.1","29.4","8.8"
"USW00014737","ALLENTOWN LEHIGH VALLEY INTERNATIONAL AIRPORT, PA US","2015-03","9","2","0","4.47","34.0","43.2","24.7"
"USW00014737","ALLENTOWN LEHIGH VALLEY INTERNATIONAL AIRPORT, PA US","2015-04","5","0","0","1.77","51.1","63.4","38.8"
"USW00014737","ALLENTOWN LEHIGH VALLEY INTERNATIONAL AIRPORT, PA US","2015-05","2","0","2","0.82","66.3","80.1","52.6"
"USW00014737","ALLENTOWN LEHIGH VALLEY INTERNATIONAL AIRPORT, PA US","2015-06","14","0","1","7.59","70.6","80.1","61.2"
"USW00014737","ALLENTOWN LEHIGH VALLEY INTERNATIONAL AIRPORT, PA US","2015-07","9","0","4","5.43","74.6","85.3","63.9"
"USW00014737","ALLENTOWN LEHIGH VALLEY INTERNATIONAL AIRPORT, PA US","2015-08","4","0","6","2.56","72.8","84.9","60.7"
"USW00014737","ALLENTOWN LEHIGH VALLEY INTERNATIONAL AIRPORT, PA US","2015-09","6","0","7","4.70","69.7","82.0","57.3"
"USW00014737","ALLENTOWN LEHIGH VALLEY INTERNATIONAL AIRPORT, PA US","2015-10","6","0","0","3.39","53.3","64.9","41.8"
"USW00014737","ALLENTOWN LEHIGH VALLEY INTERNATIONAL AIRPORT, PA US","2015-11","2","0","0","1.04","48.1","59.1","37.1"
"USW00014737","ALLENTOWN LEHIGH VALLEY INTERNATIONAL AIRPORT, PA US","2015-12","9","0","0","4.20","45.8","53.7","38.0"
"USW00014737","ALLENTOWN LEHIGH VALLEY INTERNATIONAL AIRPORT, PA US","2016-01","5","6","0","3.17","29.3","39.0","19.5"
"USW00014737","ALLENTOWN LEHIGH VALLEY INTERNATIONAL AIRPORT, PA US","2016-02","8","5","0","5.87","34.1","43.8","24.4"
"USW00014737","ALLENTOWN LEHIGH VALLEY INTERNATIONAL AIRPORT, PA US","2016-03","2","0","0","0.96","46.5","59.2","33.8"
"USW00014737","ALLENTOWN LEHIGH VALLEY INTERNATIONAL AIRPORT, PA US","2016-04","7","0","0","1.79","50.6","62.5","38.6"
"USW00014737","ALLENTOWN LEHIGH VALLEY INTERNATIONAL AIRPORT, PA US","2016-05","12","0","3","4.05","60.9","71.5","50.3"
"USW00014737","ALLENTOWN LEHIGH VALLEY INTERNATIONAL AIRPORT, PA US","2016-06","5","0","3","1.87","71.1","83.3","58.9"
"USW00014737","ALLENTOWN LEHIGH VALLEY INTERNATIONAL AIRPORT, PA US","2016-07","9","0","15","6.72","77.1","88.6","65.5"
"USW00014737","ALLENTOWN LEHIGH VALLEY INTERNATIONAL AIRPORT, PA US","2016-08","6","0","12","1.99","76.5","87.6","65.4"
"USW00014737","ALLENTOWN LEHIGH VALLEY INTERNATIONAL AIRPORT, PA US","2016-09","5","0","6","3.42","69.2","81.6","56.7"
"USW00014737","ALLENTOWN LEHIGH VALLEY INTERNATIONAL AIRPORT, PA US","2016-10","3","0","0","1.23","55.8","67.4","44.1"
"USW00014737","ALLENTOWN LEHIGH VALLEY INTERNATIONAL AIRPORT, PA US","2016-11","5","0","0","3.33","45.9","57.0","34.8"
"USW00014737","ALLENTOWN LEHIGH VALLEY INTERNATIONAL AIRPORT, PA US","2016-12","8","4","0","2.44","34.2","42.2","26.1"
"USW00014737","ALLENTOWN LEHIGH VALLEY INTERNATIONAL AIRPORT, PA US","2017-01","9","5","0","3.39","34.8","41.6","27.9"
"USW00014737","ALLENTOWN LEHIGH VALLEY INTERNATIONAL AIRPORT, PA US","2017-02","4","2","0","1.70","39.3","50.3","28.3"
"USW00014737","ALLENTOWN LEHIGH VALLEY INTERNATIONAL AIRPORT, PA US","2017-03","8","3","0","5.26","37.9","47.0","28.7"
"USW00014737","ALLENTOWN LEHIGH VALLEY INTERNATIONAL AIRPORT, PA US","2017-04","6","0","0","2.62","56.8","68.2","45.4"
"USW00014737","ALLENTOWN LEHIGH VALLEY INTERNATIONAL AIRPORT, PA US","2017-05","9","0","2","4.21","59.8","70.0","49.7"
"USW00014737","ALLENTOWN LEHIGH VALLEY INTERNATIONAL AIRPORT, PA US","2017-06","8","0","5","5.30","70.8","81.9","59.7"
"USW00014737","ALLENTOWN LEHIGH VALLEY INTERNATIONAL AIRPORT, PA US","2017-07","11","0","5","8.20","75.6","85.4","65.8"
"USW00014737","ALLENTOWN LEHIGH VALLEY INTERNATIONAL AIRPORT, PA US","2017-08","9","0","3","8.45","71.2","81.4","60.9"
"USW00014737","ALLENTOWN LEHIGH VALLEY INTERNATIONAL AIRPORT, PA US","2017-09","6","0","4","3.80","67.7","79.1","56.4"
"USW00014737","ALLENTOWN LEHIGH VALLEY INTERNATIONAL AIRPORT, PA US","2017-10","8","0","0","3.81","60.1","71.2","48.9"
"USW00014737","ALLENTOWN LEHIGH VALLEY INTERNATIONAL AIRPORT, PA US","2017-11","6","0","0","1.55","42.9","53.9","31.9"
"USW00014737","ALLENTOWN LEHIGH VALLEY INTERNATIONAL AIRPORT, PA US","2017-12","4","9","0","1.88","31.7","39.2","24.1"
"USW00014737","ALLENTOWN LEHIGH VALLEY INTERNATIONAL AIRPORT, PA US","2018-01","6","14","0","3.17","28.4","38.2","18.6"
"USW00014737","ALLENTOWN LEHIGH VALLEY INTERNATIONAL AIRPORT, PA US","2018-02","13","1","0","5.50","38.0","47.0","28.9"
"USW00014737","ALLENTOWN LEHIGH VALLEY INTERNATIONAL AIRPORT, PA US","2018-03","4","0","0","3.24","37.6","46.0","29.1"
"USW00014737","ALLENTOWN LEHIGH VALLEY INTERNATIONAL AIRPORT, PA US","2018-04","8","0","0","3.70","47.2","58.2","36.2"
"USW00014737","ALLENTOWN LEHIGH VALLEY INTERNATIONAL AIRPORT, PA US","2018-05","10","0","4","4.90","65.7","76.4","55.0"
"USW00014737","ALLENTOWN LEHIGH VALLEY INTERNATIONAL AIRPORT, PA US","2018-06","6","0","4","2.60","71.2","82.3","60.1"
"USW00014737","ALLENTOWN LEHIGH VALLEY INTERNATIONAL AIRPORT, PA US","2018-07","8","0","10","5.80","76.7","87.9","65.6"
"USW00014737","ALLENTOWN LEHIGH VALLEY INTERNATIONAL AIRPORT, PA US","2018-08","12","0","10","12.20","76.8","85.6","68.1"
"USW00014737","ALLENTOWN LEHIGH VALLEY INTERNATIONAL AIRPORT, PA US","2018-09","9","0","4","6.65","70.1","77.8","62.5"
"USW00014737","ALLENTOWN LEHIGH VALLEY INTERNATIONAL AIRPORT, PA US","2018-10","8","0","0","3.25","56.2","65.0","47.5"
"USW00014737","ALLENTOWN LEHIGH VALLEY INTERNATIONAL AIRPORT, PA US","2018-11","10","2","0","9.74","41.0","48.3","33.7"
"USW00014737","ALLENTOWN LEHIGH VALLEY INTERNATIONAL AIRPORT, PA US","2018-12","11","0","0","6.24","37.3","44.9","29.6"
"USW00014737","ALLENTOWN LEHIGH VALLEY INTERNATIONAL AIRPORT, PA US","2019-01","6","5","0","4.70","30.4","38.1","22.7"
"USW00014737","ALLENTOWN LEHIGH VALLEY INTERNATIONAL AIRPORT, PA US","2019-02","7","2","0","2.92","34.3","42.5","26.1"
"USW00014737","ALLENTOWN LEHIGH VALLEY INTERNATIONAL AIRPORT, PA US","2019-03","8","3","0","3.89","39.4","49.5","29.2"
"USW00014737","ALLENTOWN LEHIGH VALLEY INTERNATIONAL AIRPORT, PA US","2019-04","7","0","0","5.59","56.2","67.2","45.3"
"USW00014737","ALLENTOWN LEHIGH VALLEY INTERNATIONAL AIRPORT, PA US","2019-05","12","0","0","9.10","64.6","74.2","55.1"
"USW00014737","ALLENTOWN LEHIGH VALLEY INTERNATIONAL AIRPORT, PA US","2019-06","9","0","3","5.76","70.4","81.2","59.6"
"USW00014737","ALLENTOWN LEHIGH VALLEY INTERNATIONAL AIRPORT, PA US","2019-07","10","0","11","9.55","77.9","88.4","67.4"
"USW00014737","ALLENTOWN LEHIGH VALLEY INTERNATIONAL AIRPORT, PA US","2019-08","5","0","6","4.79","75.0","85.3","64.7"
"USW00014737","ALLENTOWN LEHIGH VALLEY INTERNATIONAL AIRPORT, PA US","2019-09","4","0","3","1.35","68.9","80.5","57.2"
"USW00014737","ALLENTOWN LEHIGH VALLEY INTERNATIONAL AIRPORT, PA US","2019-10","8","0","1","7.96","58.1","68.0","48.2"
"USW00014737","ALLENTOWN LEHIGH VALLEY INTERNATIONAL AIRPORT, PA US","2019-11","4","0","0","1.65","40.4","50.3","30.5"
"USW00014737","ALLENTOWN LEHIGH VALLEY INTERNATIONAL AIRPORT, PA US","2019-12","11","1","0","3.42","36.0","43.4","28.6"
"USW00014737","ALLENTOWN LEHIGH VALLEY INTERNATIONAL AIRPORT, PA US","2020-01","5","3","0","2.54","35.8","44.2","27.4"
"USW00014737","ALLENTOWN LEHIGH VALLEY INTERNATIONAL AIRPORT, PA US","2020-02","8","1","0","2.97","38.6","47.5","29.8"
"USW00014737","ALLENTOWN LEHIGH VALLEY INTERNATIONAL AIRPORT, PA US","2020-03","6","0","0","3.12","46.9","57.1","36.8"
"USW00014737","ALLENTOWN LEHIGH VALLEY INTERNATIONAL AIRPORT, PA US","2020-04","8","0","0","4.33","50.5","60.6","40.5"
"USW00014737","ALLENTOWN LEHIGH VALLEY INTERNATIONAL AIRPORT, PA US","2020-05","5","0","0","2.68","60.0","70.6","49.3"
"USW00014737","ALLENTOWN LEHIGH VALLEY INTERNATIONAL AIRPORT, PA US","2020-06","5","0","3","2.28","70.7","82.4","58.9"
"USW00014737","ALLENTOWN LEHIGH VALLEY INTERNATIONAL AIRPORT, PA US","2020-07","9","0","15","4.91","78.0","88.8","67.1"
"USW00014737","ALLENTOWN LEHIGH VALLEY INTERNATIONAL AIRPORT, PA US","2020-08","10","0","6","9.78","74.3","84.3","64.4"
"USW00014737","ALLENTOWN LEHIGH VALLEY INTERNATIONAL AIRPORT, PA US","2020-09","6","0","0","4.17","64.8","75.8","53.9"
"USW00014737","ALLENTOWN LEHIGH VALLEY INTERNATIONAL AIRPORT, PA US","2020-10","6","0","0","3.13","54.3","64.1","44.5"
"USW00014737","ALLENTOWN LEHIGH VALLEY INTERNATIONAL AIRPORT, PA US","2020-11","7","0","0","4.94","46.7","58.1","35.2"
"USW00014737","ALLENTOWN LEHIGH VALLEY INTERNATIONAL AIRPORT, PA US","2020-12","8","4","0","4.75","33.8","42.1","25.5"
"USW00014737","ALLENTOWN LEHIGH VALLEY INTERNATIONAL AIRPORT, PA US","2021-01","6","6","0","2.00","31.3","38.0","24.5"
"USW00014737","ALLENTOWN LEHIGH VALLEY INTERNATIONAL AIRPORT, PA US","2021-02","10","10","0","5.21","29.0","36.0","22.0"
"USW00014737","ALLENTOWN LEHIGH VALLEY INTERNATIONAL AIRPORT, PA US","2021-03","4","1","0","2.93","42.5","53.3","31.7"
"USW00014737","ALLENTOWN LEHIGH VALLEY INTERNATIONAL AIRPORT, PA US","2021-04","3","0","0","1.22","51.4","63.0","39.8"
"USW00014737","ALLENTOWN LEHIGH VALLEY INTERNATIONAL AIRPORT, PA US","2021-05","7","0","2","3.56","60.3","72.4","48.2"
"USW00014737","ALLENTOWN LEHIGH VALLEY INTERNATIONAL AIRPORT, PA US","2021-06","7","0","8","2.81","71.3","82.4","60.2"
"USW00014737","ALLENTOWN LEHIGH VALLEY INTERNATIONAL AIRPORT, PA US","2021-07","10","0","7","4.47","74.1","84.4","63.8"
"USW00014737","ALLENTOWN LEHIGH VALLEY INTERNATIONAL AIRPORT, PA US","2021-08","8","0","6","7.82","75.1","84.7","65.6"
"USW00014737","ALLENTOWN LEHIGH VALLEY INTERNATIONAL AIRPORT, PA US","2021-09","5","0","0","8.12","66.4","76.8","56.0"
"USW00014737","ALLENTOWN LEHIGH VALLEY INTERNATIONAL AIRPORT, PA US","2021-10","7","0","0","3.87","59.4","68.8","50.0"
"USW00014737","ALLENTOWN LEHIGH VALLEY INTERNATIONAL AIRPORT, PA US","2021-11","3","0","0","1.39","40.3","51.1","29.5"
"USW00014737","ALLENTOWN LEHIGH VALLEY INTERNATIONAL AIRPORT, PA US","2021-12","7","0","0","1.29","39.2","47.2","31.1"
"USW00014737","ALLENTOWN LEHIGH VALLEY INTERNATIONAL AIRPORT, PA US","2022-01","7","16","0","2.40","25.2","33.8","16.6"
"USW00094823","PITTSBURGH ASOS, PA US","2000-01","5","15","0","1.70","27.7","35.5","19.8"
"USW00094823","PITTSBURGH ASOS, PA US","2000-02","5","6","0","2.54","36.0","44.3","27.7"
"USW00094823","PITTSBURGH ASOS, PA US","2000-03","7","0","0","2.26","44.9","55.3","34.6"
"USW00094823","PITTSBURGH ASOS, PA US","2000-04","9","0","0","3.15","50.1","60.7","39.6"
"USW00094823","PITTSBURGH ASOS, PA US","2000-05","6","0","0","5.70","62.5","73.2","51.9"
"USW00094823","PITTSBURGH ASOS, PA US","2000-06","11","0","0","5.65","69.6","78.8","60.4"
"USW00094823","PITTSBURGH ASOS, PA US","2000-07","10","0","0","6.29","68.7","78.3","59.2"
"USW00094823","PITTSBURGH ASOS, PA US","2000-08","7","0","0","3.67","69.0","77.7","60.4"
"USW00094823","PITTSBURGH ASOS, PA US","2000-09","9","0","0","3.07","62.2","72.4","52.1"
"USW00094823","PITTSBURGH ASOS, PA US","2000-10","7","0","0","2.09","54.7","65.4","43.9"
"USW00094823","PITTSBURGH ASOS, PA US","2000-11","5","4","0","1.38","39.5","46.7","32.2"
"USW00094823","PITTSBURGH ASOS, PA US","2000-12","5","19","0","2.64","23.1","30.4","15.9"
"USW00094823","PITTSBURGH ASOS, PA US","2001-01","3","12","0","1.35","28.4","34.7","22.1"
"USW00094823","PITTSBURGH ASOS, PA US","2001-02","2","4","0","1.10","35.1","43.1","27.0"
"USW00094823","PITTSBURGH ASOS, PA US","2001-03","6","6","0","3.29","35.2","43.1","27.4"
"USW00094823","PITTSBURGH ASOS, PA US","2001-04","11","0","0","3.75","54.3","66.0","42.6"
"USW00094823","PITTSBURGH ASOS, PA US","2001-05","8","0","0","2.11","60.0","70.8","49.2"
"USW00094823","PITTSBURGH ASOS, PA US","2001-06","8","0","0","3.44","68.3","78.7","58.0"
"USW00094823","PITTSBURGH ASOS, PA US","2001-07","6","0","2","3.15","70.2","80.8","59.5"
"USW00094823","PITTSBURGH ASOS, PA US","2001-08","10","0","4","7.12","73.1","82.2","64.0"
"USW00094823","PITTSBURGH ASOS, PA US","2001-09","4","0","0","2.24","62.1","72.0","52.1"
"USW00094823","PITTSBURGH ASOS, PA US","2001-10","6","0","0","2.33","54.1","64.2","44.1"
"USW00094823","PITTSBURGH ASOS, PA US","2001-11","7","0","0","3.47","48.2","58.6","37.7"
"USW00094823","PITTSBURGH ASOS, PA US","2001-12","4","7","0","2.43","37.4","44.5","30.4"
"USW00094823","PITTSBURGH ASOS, PA US","2002-01","5","7","0","1.76","35.4","42.8","28.1"
"USW00094823","PITTSBURGH ASOS, PA US","2002-02","3","2","0","1.17","34.9","44.6","25.3"
"USW00094823","PITTSBURGH ASOS, PA US","2002-03","9","2","0","3.67","40.9","51.0","30.8"
"USW00094823","PITTSBURGH ASOS, PA US","2002-04","11","0","0","3.05","52.7","63.2","42.2"
"USW00094823","PITTSBURGH ASOS, PA US","2002-05","11","0","0","4.70","56.7","68.3","45.1"
"USW00094823","PITTSBURGH ASOS, PA US","2002-06","5","0","1","2.63","70.6","81.1","60.1"
"USW00094823","PITTSBURGH ASOS, PA US","2002-07","3","0","11","1.66","76.0","86.8","65.2"
"USW00094823","PITTSBURGH ASOS, PA US","2002-08","6","0","9","2.89","74.0","85.2","62.9"
"USW00094823","PITTSBURGH ASOS, PA US","2002-09","5","0","3","3.24","67.4","78.9","55.8"
"USW00094823","PITTSBURGH ASOS, PA US","2002-10","10","0","0","2.98","51.0","58.7","43.3"
"USW00094823","PITTSBURGH ASOS, PA US","2002-11","8","2","0","2.00","40.3","46.7","33.8"
"USW00094823","PITTSBURGH ASOS, PA US","2002-12","7","9","0","2.58","30.7","36.8","24.5"
"USW00094823","PITTSBURGH ASOS, PA US","2003-01","5","22","0","2.19","21.4","27.5","15.4"
"USW00094823","PITTSBURGH ASOS, PA US","2003-02","10","17","0","2.87","26.4","33.5","19.4"
"USW00094823","PITTSBURGH ASOS, PA US","2003-03","5","3","0","1.55","40.9","52.2","29.7"
"USW00094823","PITTSBURGH ASOS, PA US","2003-04","7","0","0","2.46","53.4","64.8","41.9"
"USW00094823","PITTSBURGH ASOS, PA US","2003-05","11","0","0","6.15","59.1","67.9","50.2"
"USW00094823","PITTSBURGH ASOS, PA US","2003-06","6","0","0","3.87","65.8","74.9","56.6"
"USW00094823","PITTSBURGH ASOS, PA US","2003-07","9","0","0","6.02","71.3","80.6","62.0"
"USW00094823","PITTSBURGH ASOS, PA US","2003-08","4","0","0","3.17","72.6","82.0","63.2"
"USW00094823","PITTSBURGH ASOS, PA US","2003-09","8","0","0","3.49","63.1","71.9","54.2"
"USW00094823","PITTSBURGH ASOS, PA US","2003-10","6","0","0","2.57","50.5","60.9","40.1"
"USW00094823","PITTSBURGH ASOS, PA US","2003-11","8","0","0","3.43","46.1","55.1","37.0"
"USW00094823","PITTSBURGH ASOS, PA US","2003-12","9","10","0","3.35","32.6","39.9","25.3"
"USW00094823","PITTSBURGH ASOS, PA US","2004-01","9","20","0","4.79","22.2","29.7","14.8"
"USW00094823","PITTSBURGH ASOS, PA US","2004-02","5","5","0","2.45","31.6","40.4","22.9"
"USW00094823","PITTSBURGH ASOS, PA US","2004-03","12","2","0","3.59","42.7","51.7","33.6"
"USW00094823","PITTSBURGH ASOS, PA US","2004-04","9","0","0","4.49","51.2","60.9","41.5"
"USW00094823","PITTSBURGH ASOS, PA US","2004-05","12","0","0","6.08","65.4","76.6","54.2"
"USW00094823","PITTSBURGH ASOS, PA US","2004-06","11","0","0","5.01","67.5","76.9","58.2"
"USW00094823","PITTSBURGH ASOS, PA US","2004-07","8","0","0","5.67","71.3","79.2","63.3"
"USW00094823","PITTSBURGH ASOS, PA US","2004-08","10","0","0","6.14","68.6","77.6","59.7"
"USW00094823","PITTSBURGH ASOS, PA US","2004-09","4","0","0","10.06","65.8","75.7","55.9"
"USW00094823","PITTSBURGH ASOS, PA US","2004-10","6","0","0","3.35","53.2","62.7","43.8"
"USW00094823","PITTSBURGH ASOS, PA US","2004-11","11","0","0","3.19","45.9","53.8","38.1"
"USW00094823","PITTSBURGH ASOS, PA US","2004-12","6","7","0","2.61","33.3","41.1","25.6"
"USW00094823","PITTSBURGH ASOS, PA US","2005-01","12","12","0","6.12","29.7","37.3","22.1"
"USW00094823","PITTSBURGH ASOS, PA US","2005-02","9","6","0","3.04","32.4","40.3","24.5"
"USW00094823","PITTSBURGH ASOS, PA US","2005-03","9","5","0","2.31","35.2","43.4","27.0"
"USW00094823","PITTSBURGH ASOS, PA US","2005-04","9","0","0","3.72","52.2","63.6","40.9"
"USW00094823","PITTSBURGH ASOS, PA US","2005-05","7","0","0","4.09","56.2","67.0","45.4"
"USW00094823","PITTSBURGH ASOS, PA US","2005-06","8","0","4","3.35","71.7","82.3","61.1"
"USW00094823","PITTSBURGH ASOS, PA US","2005-07","6","0","3","4.34","75.1","84.8","65.4"
"USW00094823","PITTSBURGH ASOS, PA US","2005-08","7","0","8","3.72","73.6","83.0","64.3"
"USW00094823","PITTSBURGH ASOS, PA US","2005-09","4","0","0","1.33","67.3","78.2","56.3"
"USW00094823","PITTSBURGH ASOS, PA US","2005-10","6","0","0","3.47","53.4","61.8","45.0"
"USW00094823","PITTSBURGH ASOS, PA US","2005-11","9","2","0","4.05","44.0","53.7","34.2"
"USW00094823","PITTSBURGH ASOS, PA US","2005-12","4","16","0","1.74","27.6","33.6","21.6"
"USW00094823","PITTSBURGH ASOS, PA US","2006-01","9","3","0","3.75","38.1","46.2","30.0"
"USW00094823","PITTSBURGH ASOS, PA US","2006-02","4","12","0","1.75","30.4","38.2","22.7"
"USW00094823","PITTSBURGH ASOS, PA US","2006-03","4","1","0","2.12","38.2","47.0","29.4"
"USW00094823","PITTSBURGH ASOS, PA US","2006-04","9","0","0","3.00","53.7","65.2","42.3"
"USW00094823","PITTSBURGH ASOS, PA US","2006-05","8","0","1","2.96","58.7","69.1","48.4"
"USW00094823","PITTSBURGH ASOS, PA US","2006-06","9","0","0","4.38","66.2","76.1","56.3"
"USW00094823","PITTSBURGH ASOS, PA US","2006-07","6","0","2","3.85","73.4","82.3","64.5"
"USW00094823","PITTSBURGH ASOS, PA US","2006-08","4","0","3","1.60","72.8","82.5","63.2"
"USW00094823","PITTSBURGH ASOS, PA US","2006-09","10","0","0","3.26","60.9","68.7","53.2"
"USW00094823","PITTSBURGH ASOS, PA US","2006-10","7","0","0","4.84","50.8","59.6","42.0"
"USW00094823","PITTSBURGH ASOS, PA US","2006-11","3","0","0","1.41","45.2","53.6","36.8"
"USW00094823","PITTSBURGH ASOS, PA US","2006-12","5","3","0","2.02","38.8","47.6","30.0"
"USW00094823","PITTSBURGH ASOS, PA US","2007-01","6","10","0","3.30","32.5","39.7","25.2"
"USW00094823","PITTSBURGH ASOS, PA US","2007-02","5","19","0","1.98","20.8","28.3","13.4"
"USW00094823","PITTSBURGH ASOS, PA US","2007-03","10","3","0","5.28","43.3","53.3","33.3"
"USW00094823","PITTSBURGH ASOS, PA US","2007-04","8","2","0","4.31","47.5","56.4","38.5"
"USW00094823","PITTSBURGH ASOS, PA US","2007-05","3","0","0","1.93","63.7","76.9","50.6"
"USW00094823","PITTSBURGH ASOS, PA US","2007-06","6","0","5","2.54","69.5","80.8","58.2"
"USW00094823","PITTSBURGH ASOS, PA US","2007-07","5","0","2","3.01","70.5","81.0","60.1"
"USW00094823","PITTSBURGH ASOS, PA US","2007-08","8","0","7","6.15","74.0","83.0","65.0"
"USW00094823","PITTSBURGH ASOS, PA US","2007-09","5","0","1","2.30","66.6","78.2","55.1"
"USW00094823","PITTSBURGH ASOS, PA US","2007-10","5","0","0","1.70","59.3","69.5","49.1"
"USW00094823","PITTSBURGH ASOS, PA US","2007-11","9","0","0","3.97","41.7","50.1","33.4"
"USW00094823","PITTSBURGH ASOS, PA US","2007-12","11","4","0","4.29","34.5","41.6","27.5"
"USW00094823","PITTSBURGH ASOS, PA US","2008-01","5","11","0","1.63","31.4","38.9","23.8"
"USW00094823","PITTSBURGH ASOS, PA US","2008-02","8","9","0","5.46","29.4","38.0","20.8"
"USW00094823","PITTSBURGH ASOS, PA US","2008-03","8","2","0","3.93","37.0","45.6","28.5"
"USW00094823","PITTSBURGH ASOS, PA US","2008-04","6","0","0","2.02","53.9","65.3","42.5"
"USW00094823","PITTSBURGH ASOS, PA US","2008-05","10","0","0","3.21","57.0","67.8","46.1"
"USW00094823","PITTSBURGH ASOS, PA US","2008-06","11","0","3","6.17","70.0","79.8","60.2"
"USW00094823","PITTSBURGH ASOS, PA US","2008-07","6","0","0","2.59","72.5","82.2","62.9"
"USW00094823","PITTSBURGH ASOS, PA US","2008-08","6","0","0","3.37","69.7","80.2","59.1"
"USW00094823","PITTSBURGH ASOS, PA US","2008-09","4","0","0","2.65","65.9","76.5","55.3"
"USW00094823","PITTSBURGH ASOS, PA US","2008-10","7","0","0","2.02","51.1","61.0","41.1"
"USW00094823","PITTSBURGH ASOS, PA US","2008-11","7","4","0","2.00","40.0","47.6","32.6"
"USW00094823","PITTSBURGH ASOS, PA US","2008-12","7","8","0","4.70","33.0","41.8","24.1"
"USW00094823","PITTSBURGH ASOS, PA US","2009-01","7","21","0","2.98","22.0","29.1","14.9"
"USW00094823","PITTSBURGH ASOS, PA US","2009-02","5","9","0","1.56","31.2","40.0","22.4"
"USW00094823","PITTSBURGH ASOS, PA US","2009-03","4","2","0","1.69","42.3","53.5","31.1"
"USW00094823","PITTSBURGH ASOS, PA US","2009-04","9","0","0","2.36","52.1","62.8","41.4"
"USW00094823","PITTSBURGH ASOS, PA US","2009-05","8","0","0","3.82","61.2","71.9","50.5"
"USW00094823","PITTSBURGH ASOS, PA US","2009-06","8","0","0","4.42","68.2","78.1","58.3"
"USW00094823","PITTSBURGH ASOS, PA US","2009-07","8","0","0","4.13","69.3","78.5","60.2"
"USW00094823","PITTSBURGH ASOS, PA US","2009-08","5","0","2","3.55","71.8","80.9","62.7"
"USW00094823","PITTSBURGH ASOS, PA US","2009-09","6","0","0","1.55","64.9","73.7","56.1"
"USW00094823","PITTSBURGH ASOS, PA US","2009-10","8","0","0","2.29","50.6","59.4","41.9"
"USW00094823","PITTSBURGH ASOS, PA US","2009-11","4","0","0","0.96","47.2","55.6","38.7"
"USW00094823","PITTSBURGH ASOS, PA US","2009-12","9","13","0","3.54","31.1","38.2","23.9"
"USW00094823","PITTSBURGH ASOS, PA US","2010-01","5","18","0","2.90","25.9","31.9","19.8"
"USW00094823","PITTSBURGH ASOS, PA US","2010-02","8","13","0","3.22","26.3","32.8","19.9"
"USW00094823","PITTSBURGH ASOS, PA US","2010-03","5","0","0","2.19","43.3","53.7","32.9"
"USW00094823","PITTSBURGH ASOS, PA US","2010-04","6","0","0","1.76","55.3","67.7","43.0"
"USW00094823","PITTSBURGH ASOS, PA US","2010-05","10","0","0","5.19","63.6","74.5","52.6"
"USW00094823","PITTSBURGH ASOS, PA US","2010-06","6","0","0","5.13","70.8","79.7","61.9"
"USW00094823","PITTSBURGH ASOS, PA US","2010-07","6","0","7","2.87","75.5","85.9","65.2"
"USW00094823","PITTSBURGH ASOS, PA US","2010-08","5","0","6","1.68","74.4","84.9","63.9"
"USW00094823","PITTSBURGH ASOS, PA US","2010-09","7","0","3","3.28","65.7","76.3","55.1"
"USW00094823","PITTSBURGH ASOS, PA US","2010-10","6","0","0","2.12","53.4","63.6","43.2"
"USW00094823","PITTSBURGH ASOS, PA US","2010-11","7","0","0","5.97","42.2","52.4","32.1"
"USW00094823","PITTSBURGH ASOS, PA US","2010-12","3","24","0","1.57","25.6","30.8","20.4"
"USW00094823","PITTSBURGH ASOS, PA US","2011-01","4","21","0","1.69","24.1","30.3","18.0"
"USW00094823","PITTSBURGH ASOS, PA US","2011-02","9","5","0","4.97","31.8","40.4","23.1"
"USW00094823","PITTSBURGH ASOS, PA US","2011-03","9","0","0","4.98","39.2","48.2","30.1"
"USW00094823","PITTSBURGH ASOS, PA US","2011-04","14","0","0","5.13","53.3","63.4","43.2"
"USW00094823","PITTSBURGH ASOS, PA US","2011-05","10","0","2","4.58","62.9","72.4","53.3"
"USW00094823","PITTSBURGH ASOS, PA US","2011-06","7","0","2","2.51","70.0","79.9","60.0"
"USW00094823","PITTSBURGH ASOS, PA US","2011-07","5","0","9","2.63","76.9","87.5","66.3"
"USW00094823","PITTSBURGH ASOS, PA US","2011-08","8","0","3","2.69","72.8","82.9","62.7"
"USW00094823","PITTSBURGH ASOS, PA US","2011-09","9","0","2","3.74","65.4","73.7","57.1"
"USW00094823","PITTSBURGH ASOS, PA US","2011-10","11","0","0","4.40","52.7","61.0","44.5"
"USW00094823","PITTSBURGH ASOS, PA US","2011-11","9","0","0","3.75","46.9","56.5","37.3"
"USW00094823","PITTSBURGH ASOS, PA US","2011-12","6","0","0","2.48","37.5","44.4","30.6"
"USW00094823","PITTSBURGH ASOS, PA US","2012-01","9","8","0","3.86","32.8","41.3","24.3"
"USW00094823","PITTSBURGH ASOS, PA US","2012-02","7","2","0","2.24","35.4","43.4","27.4"
"USW00094823","PITTSBURGH ASOS, PA US","2012-03","10","1","0","3.29","51.5","62.5","40.4"
"USW00094823","PITTSBURGH ASOS, PA US","2012-04","5","0","0","1.31","50.4","62.0","38.8"
"USW00094823","PITTSBURGH ASOS, PA US","2012-05","6","0","2","4.69","67.0","78.2","55.7"
"USW00094823","PITTSBURGH ASOS, PA US","2012-06","4","0","5","1.24","70.1","81.4","58.7"
"USW00094823","PITTSBURGH ASOS, PA US","2012-07","10","0","11","7.33","76.7","87.3","66.2"
"USW00094823","PITTSBURGH ASOS, PA US","2012-08","5","0","2","2.66","71.5","82.2","60.8"
"USW00094823","PITTSBURGH ASOS, PA US","2012-09","9","0","0","4.80","63.6","73.7","53.4"
"USW00094823","PITTSBURGH ASOS, PA US","2012-10","10","0","0","4.44","53.5","62.6","44.3"
"USW00094823","PITTSBURGH ASOS, PA US","2012-11","2","1","0","0.38","39.6","48.4","30.8"
"USW00094823","PITTSBURGH ASOS, PA US","2012-12","11","6","0","5.53","38.2","44.7","31.6"
"USW00094823","PITTSBURGH ASOS, PA US","2013-01","7","11","0","2.45","31.5","38.9","24.1"
"USW00094823","PITTSBURGH ASOS, PA US","2013-02","7","11","0","2.13","28.7","35.7","21.7"
"USW00094823","PITTSBURGH ASOS, PA US","2013-03","4","3","0","2.19","35.9","42.7","29.1"
"USW00094823","PITTSBURGH ASOS, PA US","2013-04","6","0","0","3.27","52.4","63.5","41.4"
"USW00094823","PITTSBURGH ASOS, PA US","2013-05","5","0","0","2.34","62.5","73.6","51.4"
"USW00094823","PITTSBURGH ASOS, PA US","2013-06","9","0","0","5.48","69.4","78.6","60.1"
"USW00094823","PITTSBURGH ASOS, PA US","2013-07","8","0","5","6.16","73.3","81.9","64.7"
"USW00094823","PITTSBURGH ASOS, PA US","2013-08","5","0","0","1.78","70.7","80.3","61.0"
"USW00094823","PITTSBURGH ASOS, PA US","2013-09","5","0","1","2.31","64.0","74.3","53.7"
"USW00094823","PITTSBURGH ASOS, PA US","2013-10","8","0","0","2.35","56.3","65.1","47.6"
"USW00094823","PITTSBURGH ASOS, PA US","2013-11","7","2","0","2.98","39.4","47.6","31.2"
"USW00094823","PITTSBURGH ASOS, PA US","2013-12","6","10","0","3.27","34.2","40.9","27.5"
"USW00094823","PITTSBURGH ASOS, PA US","2014-01","7","13","0","2.19","22.2","31.7","12.7"
"USW00094823","PITTSBURGH ASOS, PA US","2014-02","8","16","0","2.26","25.8","34.2","17.4"
"USW00094823","PITTSBURGH ASOS, PA US","2014-03","4","5","0","1.87","34.5","45.4","23.7"
"USW00094823","PITTSBURGH ASOS, PA US","2014-04","12","0","0","4.47","52.2","63.7","40.6"
"USW00094823","PITTSBURGH ASOS, PA US","2014-05","9","0","0","4.32","62.0","72.4","51.6"
"USW00094823","PITTSBURGH ASOS, PA US","2014-06","9","0","0","4.06","70.6","80.2","61.0"
"USW00094823","PITTSBURGH ASOS, PA US","2014-07","10","0","0","5.20","70.5","79.7","61.2"
"USW00094823","PITTSBURGH ASOS, PA US","2014-08","6","0","0","5.06","70.0","79.4","60.5"
"USW00094823","PITTSBURGH ASOS, PA US","2014-09","3","0","0","0.97","64.1","74.7","53.5"
"USW00094823","PITTSBURGH ASOS, PA US","2014-10","6","0","0","1.89","53.7","62.4","44.9"
"USW00094823","PITTSBURGH ASOS, PA US","2014-11","5","3","0","1.98","38.8","46.9","30.8"
"USW00094823","PITTSBURGH ASOS, PA US","2014-12","8","6","0","2.63","35.6","41.6","29.5"
"USW00094823","PITTSBURGH ASOS, PA US","2015-01","7","15","0","2.26","25.4","32.9","18.0"
"USW00094823","PITTSBURGH ASOS, PA US","2015-02","4","17","0","1.56","18.5","28.1","8.8"
"USW00094823","PITTSBURGH ASOS, PA US","2015-03","10","3","0","4.02","35.9","46.1","25.6"
"USW00094823","PITTSBURGH ASOS, PA US","2015-04","12","0","0","3.95","52.9","63.4","42.4"
"USW00094823","PITTSBURGH ASOS, PA US","2015-05","7","0","0","2.73","66.1","77.4","54.8"
"USW00094823","PITTSBURGH ASOS, PA US","2015-06","12","0","2","7.34","70.4","78.9","61.8"
"USW00094823","PITTSBURGH ASOS, PA US","2015-07","6","0","2","3.61","73.3","82.7","63.8"
"USW00094823","PITTSBURGH ASOS, PA US","2015-08","4","0","1","2.29","71.3","81.6","61.1"
"USW00094823","PITTSBURGH ASOS, PA US","2015-09","6","0","5","5.08","69.6","79.9","59.3"
"USW00094823","PITTSBURGH ASOS, PA US","2015-10","7","0","0","3.35","53.9","63.0","44.8"
"USW00094823","PITTSBURGH ASOS, PA US","2015-11","4","0","0","1.38","48.6","57.9","39.2"
"USW00094823","PITTSBURGH ASOS, PA US","2015-12","9","0","0","3.05","44.6","52.2","36.9"
"USW00094823","PITTSBURGH ASOS, PA US","2016-01","6","13","0","1.79","26.8","35.5","18.1"
"USW00094823","PITTSBURGH ASOS, PA US","2016-02","7","7","0","3.15","33.7","42.6","24.7"
"USW00094823","PITTSBURGH ASOS, PA US","2016-03","6","0","0","2.83","48.1","58.1","38.0"
"USW00094823","PITTSBURGH ASOS, PA US","2016-04","10","0","0","2.25","51.3","63.0","39.6"
"USW00094823","PITTSBURGH ASOS, PA US","2016-05","10","0","0","3.62","61.2","71.0","51.5"
"USW00094823","PITTSBURGH ASOS, PA US","2016-06","6","0","2","3.11","71.6","81.6","61.6"
"USW00094823","PITTSBURGH ASOS, PA US","2016-07","7","0","6","3.12","75.5","85.4","65.6"
"USW00094823","PITTSBURGH ASOS, PA US","2016-08","9","0","3","3.29","76.0","85.4","66.7"
"USW00094823","PITTSBURGH ASOS, PA US","2016-09","5","0","0","3.08","69.5","80.2","58.7"
"USW00094823","PITTSBURGH ASOS, PA US","2016-10","8","0","0","3.94","56.6","66.7","46.6"
"USW00094823","PITTSBURGH ASOS, PA US","2016-11","5","0","0","1.43","46.5","56.8","36.2"
"USW00094823","PITTSBURGH ASOS, PA US","2016-12","7","7","0","3.44","33.7","40.5","26.9"
"USW00094823","PITTSBURGH ASOS, PA US","2017-01","9","8","0","3.56","34.7","41.8","27.6"
"USW00094823","PITTSBURGH ASOS, PA US","2017-02","4","5","0","1.46","40.7","50.4","31.0"
"USW00094823","PITTSBURGH ASOS, PA US","2017-03","11","4","0","5.02","39.9","48.5","31.4"
"USW00094823","PITTSBURGH ASOS, PA US","2017-04","9","0","0","3.54","57.3","68.0","46.5"
"USW00094823","PITTSBURGH ASOS, PA US","2017-05","13","0","0","5.15","60.6","70.2","51.0"
"USW00094823","PITTSBURGH ASOS, PA US","2017-06","7","0","1","3.79","69.7","79.5","59.9"
"USW00094823","PITTSBURGH ASOS, PA US","2017-07","15","0","0","6.42","73.7","82.5","64.9"
"USW00094823","PITTSBURGH ASOS, PA US","2017-08","7","0","0","2.63","70.3","79.8","60.7"
"USW00094823","PITTSBURGH ASOS, PA US","2017-09","2","0","2","0.58","66.4","77.0","55.9"
"USW00094823","PITTSBURGH ASOS, PA US","2017-10","8","0","0","4.11","58.0","67.9","48.2"
"USW00094823","PITTSBURGH ASOS, PA US","2017-11","6","0","0","4.15","42.0","51.5","32.6"
"USW00094823","PITTSBURGH ASOS, PA US","2017-12","5","10","0","1.77","30.7","37.8","23.6"
"USW00094823","PITTSBURGH ASOS, PA US","2018-01","7","15","0","4.28","25.7","34.8","16.6"
"USW00094823","PITTSBURGH ASOS, PA US","2018-02","15","5","0","7.05","38.9","47.6","30.1"
"USW00094823","PITTSBURGH ASOS, PA US","2018-03","8","2","0","2.96","34.9","43.5","26.4"
"USW00094823","PITTSBURGH ASOS, PA US","2018-04","11","0","0","4.43","46.3","56.6","36.1"
"USW00094823","PITTSBURGH ASOS, PA US","2018-05","9","0","1","2.84","69.0","79.2","58.8"
"USW00094823","PITTSBURGH ASOS, PA US","2018-06","9","0","2","6.10","70.8","79.9","61.6"
"USW00094823","PITTSBURGH ASOS, PA US","2018-07","8","0","4","3.96","73.5","83.3","63.8"
"USW00094823","PITTSBURGH ASOS, PA US","2018-08","8","0","3","4.53","72.9","81.2","64.7"
"USW00094823","PITTSBURGH ASOS, PA US","2018-09","8","0","4","8.50","69.7","77.9","61.5"
"USW00094823","PITTSBURGH ASOS, PA US","2018-10","12","0","0","3.59","53.4","61.7","45.2"
"USW00094823","PITTSBURGH ASOS, PA US","2018-11","12","5","0","4.57","37.4","43.4","31.4"
"USW00094823","PITTSBURGH ASOS, PA US","2018-12","8","5","0","5.04","35.3","41.8","28.8"
"USW00094823","PITTSBURGH ASOS, PA US","2019-01","7","13","0","3.07","27.6","35.1","20.0"
"USW00094823","PITTSBURGH ASOS, PA US","2019-02","9","5","0","4.14","33.8","42.4","25.1"
"USW00094823","PITTSBURGH ASOS, PA US","2019-03","8","5","0","2.37","36.8","46.1","27.4"
"USW00094823","PITTSBURGH ASOS, PA US","2019-04","9","0","0","3.44","54.0","64.3","43.6"
"USW00094823","PITTSBURGH ASOS, PA US","2019-05","13","0","0","5.98","64.0","73.9","54.1"
"USW00094823","PITTSBURGH ASOS, PA US","2019-06","12","0","0","6.43","68.3","77.7","58.8"
"USW00094823","PITTSBURGH ASOS, PA US","2019-07","11","0","2","6.92","74.9","84.0","65.9"
"USW00094823","PITTSBURGH ASOS, PA US","2019-08","8","0","0","2.45","71.9","81.4","62.5"
"USW00094823","PITTSBURGH ASOS, PA US","2019-09","5","0","1","5.34","69.0","79.9","58.2"
"USW00094823","PITTSBURGH ASOS, PA US","2019-10","9","0","0","7.19","56.2","66.6","45.7"
"USW00094823","PITTSBURGH ASOS, PA US","2019-11","7","1","0","1.65","37.8","46.1","29.4"
"USW00094823","PITTSBURGH ASOS, PA US","2019-12","9","3","0","3.53","35.5","43.1","27.8"
"USW00094823","PITTSBURGH ASOS, PA US","2020-01","6","3","0","3.70","35.2","42.5","28.0"
"USW00094823","PITTSBURGH ASOS, PA US","2020-02","9","7","0","3.31","33.6","41.0","26.2"
"USW00094823","PITTSBURGH ASOS, PA US","2020-03","11","0","0","4.83","45.6","54.6","36.7"
"USW00094823","PITTSBURGH ASOS, PA US","2020-04","11","0","0","4.58","47.6","57.8","37.5"
"USW00094823","PITTSBURGH ASOS, PA US","2020-05","7","0","0","2.19","58.2","68.2","48.3"
"USW00094823","PITTSBURGH ASOS, PA US","2020-06","5","0","1","2.30","70.0","80.6","59.4"
"USW00094823","PITTSBURGH ASOS, PA US","2020-07","8","0","12","3.10","77.3","87.5","67.0"
"USW00094823","PITTSBURGH ASOS, PA US","2020-08","5","0","4","5.58","73.2","83.7","62.7"
"USW00094823","PITTSBURGH ASOS, PA US","2020-09","4","0","0","0.92","64.6","75.1","54.1"
"USW00094823","PITTSBURGH ASOS, PA US","2020-10","11","0","0","3.29","54.0","63.0","44.9"
"USW00094823","PITTSBURGH ASOS, PA US","2020-11","6","0","0","2.02","46.7","56.3","37.0"
"USW00094823","PITTSBURGH ASOS, PA US","2020-12","8","8","0","3.54","33.6","39.5","27.8"
"USW00094823","PITTSBURGH ASOS, PA US","2021-01","7","9","0","2.27","30.4","35.8","24.9"
"USW00094823","PITTSBURGH ASOS, PA US","2021-02","8","15","0","2.82","27.8","34.8","20.7"
"USW00094823","PITTSBURGH ASOS, PA US","2021-03","5","0","0","3.88","44.9","56.9","32.8"
"USW00094823","PITTSBURGH ASOS, PA US","2021-04","7","0","0","2.67","51.3","62.2","40.4"
"USW00094823","PITTSBURGH ASOS, PA US","2021-05","7","0","0","3.09","58.5","68.9","48.2"
"USW00094823","PITTSBURGH ASOS, PA US","2021-06","8","0","2","4.29","71.2","81.1","61.3"
"USW00094823","PITTSBURGH ASOS, PA US","2021-07","8","0","0","3.00","72.6","81.9","63.2"
"USW00094823","PITTSBURGH ASOS, PA US","2021-08","8","0","3","6.41","74.4","83.6","65.1"
"USW00094823","PITTSBURGH ASOS, PA US","2021-09","5","0","0","3.93","66.3","75.7","56.8"
"USW00094823","PITTSBURGH ASOS, PA US","2021-10","8","0","0","3.85","59.5","67.7","51.2"
"USW00094823","PITTSBURGH ASOS, PA US","2021-11","4","0","0","0.88","40.5","49.3","31.8"
"USW00094823","PITTSBURGH ASOS, PA US","2021-12","6","2","0","3.46","40.9","49.1","32.8"
"USW00094823","PITTSBURGH ASOS, PA US","2022-01","9","20","0","3.00","23.7","32.0","15.4"
